[1,["ecpdLyjvZBwrvm+cedCcQy","f3RdHH1L1MX5ioi2hFW8hp","2cKrE3QGlKhLi7PX/shN/k","19I8hXe29LmoEHCiCqHGAJ","4bNnhIFoNEVqiedlzwfUWf","f8mSmo4BBN1qgkKC8LQMxI","0ddjoWzJhPIYdUk0kLI0zQ","f3l+NH8EdKra2SieWspMjn","4adc5WsjJPJ54SJBGjecsZ","91MVfi27pExKQPTkr2Ta4w","97243e5b-17bc-46f4-9764-8d015bff1975@6c48a","b6lPEYeExNy4a2uP6VUbI1","540m481fdHXbRe76qg/qEi","15h4xcl4JOqZWQZ6k5C9/C","46JdqGs/5LObQ9Yp+Gtp0i","e4WvptdedF4rZbCksVUXmE"],["node","_spriteFrame","_N$file","_parent","_normalMaterial","_textureSetter","btn","root","target","data"],[["cc.Node",["_name","_opacity","_prefab","_contentSize","_components","_parent","_trs","_children","_color"],1,4,5,9,1,7,2,5],["cc.Widget",["_alignFlags","_originalWidth","_left","_originalHeight","_name","_right","_bottom","_top","_isAbsTop","node"],-6,1],"cc.SpriteFrame",["cc.Layout",["_N$spacingY","_N$paddingTop","_N$paddingLeft","_N$spacingX","_N$paddingBottom","_N$affectedByScale","_N$layoutType","_N$verticalDirection","node","_layoutSize"],-5,1,5],["cc.Sprite",["_sizeMode","_isTrimmedMode","node","_materials","_spriteFrame"],1,1,3,6],["cc.Label",["_string","_fontSize","_isSystemFontUsed","_N$overflow","_lineHeight","_N$verticalAlign","_enableWrapText","_N$horizontalAlign","node","_materials","_N$file"],-5,1,3,6],["cc.Button",["zoomScale","_N$transition","node","clickEvents","_normalMaterial","_N$target"],1,1,9,6,1],["cc.Prefab",["_name"],2],["cc.Node",["_name","_children","_components","_prefab","_contentSize","_trs"],2,12,9,4,5,7],["cc.Node",["_name","_parent","_children","_components","_prefab","_contentSize","_trs"],2,1,2,12,4,5,7],["6d215RD4x9HbYyRx0H5nUCW",["node"],3,1],["cc.PrefabInfo",["fileId","root"],2,1],["36d3bCjkGZHWYcsLE8AZD6i",["node"],3,1],["2353b8ir09Ng5xwL5NhFFOI",["node"],3,1],["cc.ClickEvent",["_componentId","handler","target"],1,1],["fb8e3/u0/tDdoKCqO8jXCaw",["node","btn"],3,1,1],["cc.BlockInputEvents",["node"],3,1]],[[11,0,1,2],[4,0,2,3,4,2],[0,0,5,4,2,8,3,6,2],[1,0,1,3,9,4],[1,0,2,5,1,9,5],[0,0,5,4,2,3,6,2],[12,0,1],[14,0,1,2,3],[0,0,5,2,3,6,2],[0,0,5,7,4,2,3,6,2],[0,0,5,4,2,3,2],[8,0,1,2,3,4,5,2],[9,0,1,2,3,4,5,6,2],[1,0,2,5,6,1,9,6],[1,0,2,9,3],[3,1,4,0,5,8,9,5],[3,6,0,7,8,9,4],[4,0,1,2,3,4,3],[6,0,1,2,3,5,3],[15,0,1,1],[5,0,1,4,2,3,8,9,10,6],[5,0,1,4,2,5,3,8,9,10,7],[5,0,1,6,2,7,5,3,8,9,10,8],[4,2,3,4,1],[7,0,2],[0,0,7,4,2,3,6,2],[0,0,7,4,2,3,2],[0,0,5,7,4,2,3,2],[0,0,1,5,4,2,3,3],[1,4,0,1,3,9,5],[1,0,9,2],[1,0,2,7,9,4],[1,4,0,7,8,3,9,6],[1,0,6,9,3],[10,0,1],[3,2,1,3,0,8,9,5],[13,0,1],[6,0,1,2,3,4,3],[16,0,1]],[[[{"name":"vietquat","rect":[0,0,192,180],"offset":[0,0],"originalSize":[192,180],"capInsets":[0,0,0,0]}],[2],0,[0],[5],[5]],[[{"name":"tooltip_chonhat","rect":[4,9,698,140],"offset":[2,-4],"originalSize":[702,150],"capInsets":[0,0,0,0]}],[2],0,[0],[5],[6]],[[[24,"SeedPopupTutorial"],[25,"TutorialSeedUI",[-4,-5],[[29,"balance<Widget>",45,100,100,-2],[34,-3]],[0,"d5NwXSkApHeLLd21rhMLzI",-1],[5,1125,2436],[562.5,1218,0,0,0,0,1,1,1,1]],[26,"content",[-8,-9,-10,-11,-12,-13],[[35,40,30,30,30,-6,[5,1125,2436]],[30,4,-7]],[0,"6eaio9Cs1ItLXJOzNUGmSE",1],[5,1125,2436]],[11,"bg",[[-17,-18,[8,"spacing",-19,[0,"4945nmVzNEfpvxh1TZbyml",1],[5,40,12],[0,-108,0,0,0,0,1,1,1,1]],-20],1,1,4,1],[[17,0,false,-14,[8],9],[3,40,501,504,-15],[15,168,36,12,true,-16,[5,501,516]]],[0,"c8NVItyLxPVoTIAFNPK0pv",1],[5,501,516],[0,-24,0,0,0,0,1,1,1,1]],[11,"bg",[[-24,-25,[8,"spacing",-26,[0,"19dkkIb5tG748RQzXYwuD0",1],[5,40,12],[0,-108,0,0,0,0,1,1,1,1]],-27],1,1,4,1],[[17,0,false,-21,[20],21],[3,40,501,504,-22],[15,168,36,12,true,-23,[5,501,516]]],[0,"8ae6rSoF9Jl6nEcWPqGzpT",1],[5,501,516],[0,-24,0,0,0,0,1,1,1,1]],[11,"bg",[[-31,-32,[8,"spacing",-33,[0,"84iySRuuRJAZxGcP6MKvvP",1],[5,40,12],[0,-108,0,0,0,0,1,1,1,1]],-34],1,1,4,1],[[17,0,false,-28,[32],33],[3,40,501,504,-29],[15,168,36,12,true,-30,[5,501,516]]],[0,"1ds6uLgCFLVqAT11Srhr3o",1],[5,501,516],[0,-24,0,0,0,0,1,1,1,1]],[11,"bg",[[-38,-39,[8,"spacing",-40,[0,"0fdhJBKo9GeIQ9xy/PNUud",1],[5,40,12],[0,-108,0,0,0,0,1,1,1,1]],-41],1,1,4,1],[[17,0,false,-35,[46],47],[3,40,501,504,-36],[15,168,36,12,true,-37,[5,501,516]]],[0,"57GJPDb15HVLQPC8JO8mgB",1],[5,501,516],[0,-24,0,0,0,0,1,1,1,1]],[12,"btn_action",3,[-46],[[[1,0,-42,[6],7],[13,40,36,36,35.99999999999997,429,-43],[6,-44],-45],4,4,4,1],[0,"924NuaJaVD06252eJJL/xz",1],[5,429,96],[0,-174,0,0,0,0,1,1,1,1]],[12,"btn_action",4,[-51],[[[1,0,-47,[18],19],[13,40,36,36,35.99999999999997,429,-48],[6,-49],-50],4,4,4,1],[0,"1aEyPMsOBAq601fe/1tatx",1],[5,429,96],[0,-174,0,0,0,0,1,1,1,1]],[12,"btn_action",5,[-56],[[[1,0,-52,[30],31],[13,40,36,36,35.99999999999997,429,-53],[6,-54],-55],4,4,4,1],[0,"5dvQdtV0RNXoL+qIU3DXdp",1],[5,429,96],[0,-174,0,0,0,0,1,1,1,1]],[12,"btn_action",6,[-61],[[[1,0,-57,[44],45],[13,40,36,36,35.99999999999997,429,-58],[6,-59],-60],4,4,4,1],[0,"c7TWE9+MxDwYxNwsLp4hqQ",1],[5,429,96],[0,-174,0,0,0,0,1,1,1,1]],[5,"SkipTutorialUI",1,[[23,-62,[52],53],[36,-63],[31,9,24,90,-64],[6,-65],[37,0.9,3,-67,[[7,"2353b8ir09Ng5xwL5NhFFOI","skipTutorial",-66]],54]],[0,"c9ILNxQcJHU5ezEC83ZKab",1],[5,429,96],[-324,1080,0,0,0,0,1,1,1,1]],[9,"SeedItemUITutorial",2,[3,-71],[[16,2,-144,0,-68,[5,501,564]],[19,-70,-69]],[0,"9cKKHRKIRGGIfdr0nzmHZ1",1],[5,501,564],[269,-270.746,0,0,0,0,1,1,1,1]],[9,"SeedItemUITutorial",2,[4,-75],[[16,2,-144,0,-72,[5,501,564]],[19,-74,-73]],[0,"f51v+jRgtN06aSc+J3T/PE",1],[5,501,564],[-272,-874.746,0,0,0,0,1,1,1,1]],[9,"SeedItemUITutorial",2,[5,-79],[[16,2,-144,0,-76,[5,501,564]],[19,-78,-77]],[0,"13Lapsxa9DR4LLLUwjo+/t",1],[5,501,564],[269,-874.746,0,0,0,0,1,1,1,1]],[9,"SeedAvailable",2,[6,-83],[[16,2,-144,0,-80,[5,501,564]],[19,-82,-81]],[0,"7b1k55jVxNr4Wbynfc8s6A",1],[5,501,564],[-272,-270.746,0,0,0,0,1,1,1,1]],[27,"main",1,[2],[[32,"main<Widget>",44,0.5378694581280787,false,1575,-84]],[0,"89Y24W6dNFirHvPRtqT4bw",1],[5,1125,2436]],[2,"name",3,[[20,"Cam Mỹ",42,60,false,2,-85,[0],1],[4,40,36,36,184.55,-86]],[0,"50h5IDiDZFE5mJ0tTvFsPx",1],[4,4278190080],[5,429,120],[0,30,0,0,0,0,1,1,1,1]],[2,"description",3,[[21,"Nhận 5,000 điểm VinID hoặc 10kg trái",36,36,false,1,3,-87,[2],3],[4,40,36,36,625.07,-88]],[0,"66bCfzSWJHk5ib6YwyV6si",1],[4,4278797443],[5,429,81.35999999999999],[0,-47.175,0,0,0,0,1,1,1,1]],[10,"Label",7,[[22,"Gieo ngay",42,false,false,1,1,1,-89,[4],5],[3,45,100,40,-90]],[0,"42PL85TudBm5Qa4JFvbSeO",1],[5,429,96]],[5,"seed",12,[[1,0,-91,[10],11],[14,9,36,-92]],[0,"45gHHSsCtE/bq+MdyEamwf",1],[5,192,192],[-118.5,186,0,0,0,0,1,1,1,1]],[2,"name",4,[[20,"Việt quất",42,60,false,2,-93,[12],13],[4,40,36,36,184.55,-94]],[0,"abYwhIWohEWJ3LFloPCXC3",1],[4,4278190080],[5,429,120],[0,30,0,0,0,0,1,1,1,1]],[2,"description",4,[[21,"Nhận 10,000 điểm VinID hoặc 10kg trái",36,36,false,1,3,-95,[14],15],[4,40,36,36,625.07,-96]],[0,"6dyvoX7oNMYISQeEGjUY4q",1],[4,4278797443],[5,429,81.35999999999999],[0,-47.175,0,0,0,0,1,1,1,1]],[10,"Label",8,[[22,"Gieo ngay",42,false,false,1,1,1,-97,[16],17],[3,45,100,40,-98]],[0,"f9QZqsOm1JMa+HDH8jT9Nf",1],[5,429,96]],[5,"seed",13,[[1,0,-99,[22],23],[14,9,36,-100]],[0,"e4xym8c3RDYoqbJsujGFkX",1],[5,192,192],[-118.5,186,0,0,0,0,1,1,1,1]],[2,"name",5,[[20,"Kiwi",42,60,false,2,-101,[24],25],[4,40,36,36,184.55,-102]],[0,"f7hozSrdRK2o0Vdb3Ds/cg",1],[4,4278190080],[5,429,120],[0,30,0,0,0,0,1,1,1,1]],[2,"description",5,[[21,"Nhận 10,000 điểm VinID hoặc 10kg trái",36,36,false,1,3,-103,[26],27],[4,40,36,36,625.07,-104]],[0,"10vHUtzMpFObfORO599HIl",1],[4,4278797443],[5,429,81.35999999999999],[0,-47.175,0,0,0,0,1,1,1,1]],[10,"Label",9,[[22,"Gieo ngay",42,false,false,1,1,1,-105,[28],29],[3,45,100,40,-106]],[0,"90rOB2Tu9BF4+QB8wi1bhL",1],[5,429,96]],[5,"seed",14,[[1,0,-107,[34],35],[14,9,36,-108]],[0,"20K3KiPs1Lu5+ILT0HOGZJ",1],[5,192,192],[-118.5,186,0,0,0,0,1,1,1,1]],[28,"darkBackground",120,2,[[1,0,-109,[36],37],[38,-110]],[0,"7aP+Oks85BPIHGmxl6B9Pr",1],[5,1125,2436]],[2,"name",6,[[20,"Mận đào",42,60,false,2,-111,[38],39],[4,40,36,36,184.55,-112]],[0,"83jrVzHktF6KLEY+1kACdE",1],[4,4278190080],[5,429,120],[0,30,0,0,0,0,1,1,1,1]],[2,"description",6,[[21,"Nhận 3,000 điểm VinID hoặc 10kg trái",36,36,false,1,3,-113,[40],41],[4,40,36,36,625.07,-114]],[0,"b3Ff7ekrNE/bxoUH2CGC7V",1],[4,4278797443],[5,429,81.35999999999999],[0,-47.175,0,0,0,0,1,1,1,1]],[10,"Label",10,[[22,"Gieo ngay",42,false,false,1,1,1,-115,[42],43],[3,45,100,40,-116]],[0,"a1lqYlP4JJuqqVEB5GhY2j",1],[5,429,96]],[5,"seed",15,[[1,0,-117,[48],49],[14,9,36,-118]],[0,"47z56nUj9Btr5h1tS+sYmn",1],[5,192,192],[-118.5,186,0,0,0,0,1,1,1,1]],[5,"tooltip_chonhat",2,[[23,-119,[50],51],[33,16,1260,-120]],[0,"72FG0clcBIw7HCiCn4j9bO",1],[5,698,140],[0,112,0,0,0,0,1,1,1,1]],[18,0.8,3,7,[[7,"fb8e3/u0/tDdoKCqO8jXCaw","onButtonSubmit",12]],7],[18,0.8,3,8,[[7,"fb8e3/u0/tDdoKCqO8jXCaw","onButtonSubmit",13]],8],[18,0.8,3,9,[[7,"fb8e3/u0/tDdoKCqO8jXCaw","onButtonSubmit",14]],9],[18,0.8,3,10,[[7,"fb8e3/u0/tDdoKCqO8jXCaw","onButtonSubmit",15]],10]],0,[0,7,1,0,0,1,0,0,1,0,-1,16,0,-2,11,0,0,2,0,0,2,0,-1,12,0,-2,13,0,-3,14,0,-4,29,0,-5,15,0,-6,34,0,0,3,0,0,3,0,0,3,0,-1,17,0,-2,18,0,3,3,0,-4,7,0,0,4,0,0,4,0,0,4,0,-1,21,0,-2,22,0,3,4,0,-4,8,0,0,5,0,0,5,0,0,5,0,-1,25,0,-2,26,0,3,5,0,-4,9,0,0,6,0,0,6,0,0,6,0,-1,30,0,-2,31,0,3,6,0,-4,10,0,0,7,0,0,7,0,0,7,0,-4,35,0,-1,19,0,0,8,0,0,8,0,0,8,0,-4,36,0,-1,23,0,0,9,0,0,9,0,0,9,0,-4,37,0,-1,27,0,0,10,0,0,10,0,0,10,0,-4,38,0,-1,32,0,0,11,0,0,11,0,0,11,0,0,11,0,8,11,0,0,11,0,0,12,0,6,35,0,0,12,0,-2,20,0,0,13,0,6,36,0,0,13,0,-2,24,0,0,14,0,6,37,0,0,14,0,-2,28,0,0,15,0,6,38,0,0,15,0,-2,33,0,0,16,0,0,17,0,0,17,0,0,18,0,0,18,0,0,19,0,0,19,0,0,20,0,0,20,0,0,21,0,0,21,0,0,22,0,0,22,0,0,23,0,0,23,0,0,24,0,0,24,0,0,25,0,0,25,0,0,26,0,0,26,0,0,27,0,0,27,0,0,28,0,0,28,0,0,29,0,0,29,0,0,30,0,0,30,0,0,31,0,0,31,0,0,32,0,0,32,0,0,33,0,0,33,0,0,34,0,0,34,0,9,1,2,3,16,3,3,12,4,3,13,5,3,14,6,3,15,120],[0,0,0,0,0,0,0,0,0,0,0,0,0,0,0,0,0,0,0,0,0,0,0,0,0,0,0,0,0,0,0,0,0,0,0,0,0,0,0,0,0,0,0,0,0,0,0,0,0,0,0,0,0,0,0,35,36,37,38],[-1,2,-1,2,-1,2,-1,1,-1,1,-1,1,-1,2,-1,2,-1,2,-1,1,-1,1,-1,1,-1,2,-1,2,-1,2,-1,1,-1,1,-1,1,-1,1,-1,2,-1,2,-1,2,-1,1,-1,1,-1,1,-1,1,-1,1,4,4,4,4,4],[0,1,0,2,0,1,0,3,0,4,0,7,0,1,0,2,0,1,0,3,0,4,0,8,0,1,0,2,0,1,0,3,0,4,0,9,0,10,0,1,0,2,0,1,0,3,0,4,0,11,0,12,0,13,0,0,0,0,0]],[[{"name":"kiwi","rect":[0,0,192,190],"offset":[0,0],"originalSize":[192,190],"capInsets":[0,0,0,0]}],[2],0,[0],[5],[14]],[[{"name":"im_128color_gami_onefarm_seed_orange","rect":[1,24,383,311],"offset":[0.5,12.5],"originalSize":[384,384],"capInsets":[0,0,0,0]}],[2],0,[0],[5],[15]]]]