[1,["ecpdLyjvZBwrvm+cedCcQy","f3RdHH1L1MX5ioi2hFW8hp","8c20Sso/ZEn7NUfNSM+EBh","a2MjXRFdtLlYQ5ouAFv/+R","02delMVqdBD70a/HSD99FK"],["node","_spriteFrame","_N$file","root","data","_N$font","_textureSetter"],[["cc.Node",["_name","_components","_prefab","_contentSize","_children","_trs","_parent"],2,9,4,5,2,7,1],["cc.Widget",["_alignFlags","_top","_bottom","_originalWidth","_left","node"],-2,1],"cc.SpriteFrame",["cc.Prefab",["_name"],2],["cc.PrefabInfo",["fileId","root"],2,1],["cc.RichText",["_isSystemFontUsed","_N$lineHeight","node","_N$font"],1,1,6],["cc.Sprite",["_sizeMode","node","_materials","_spriteFrame"],2,1,3,6],["cc.PrivateNode",["_name","_objFlags","_zIndex","_parent","_components","_prefab","_color","_contentSize","_anchorPoint","_trs"],0,1,9,4,5,5,5,7],["cc.Label",["_string","_lineHeight","_isSystemFontUsed","_N$verticalAlign","node","_materials","_N$file"],-1,1,3,6]],[[4,0,1,2],[0,0,6,1,2,3,5,2],[6,0,1,2,3,2],[7,0,1,2,3,4,5,6,7,8,9,4],[8,0,1,2,3,4,5,6,5],[3,0,2],[0,0,4,1,2,3,5,2],[0,0,6,4,1,2,3,2],[1,0,1,2,3,5,5],[1,0,4,5,3],[1,0,1,5,3],[5,0,1,2,3,3]],[[[[5,"TooltipUI"],[6,"tooltipUI",[-3,-4,-5],[[8,18,1218,1218,1125,-2]],[0,"26BQ70JbxKKrH/BadLuLZB",-1],[5,600,594],[562.5,1218,0,0,0,0,1,1,1,1]],[7,"content",1,[-7,-8],[[11,false,50,-6,8]],[0,"b4lDleaNlAz6npCJimOV2M",1],[5,164,63]],[1,"icon",1,[[2,0,-9,[0],1],[9,10,-36,-10]],[0,"32N5Vc/IBKfZyHWaFPAWT8",1],[5,144,144],[-264,0,0,0,0,0,1,1,1,1]],[1,"clearIcon",1,[[2,0,-11,[2],3],[10,33,-36,-12]],[0,"e08pc5Vb1O6a6IX6MWNhum",1],[5,100,100],[250,283,0,0,0,0,1,1,1,1]],[3,"RICHTEXT_CHILD",1024,-32768,2,[[4,"Rich",50,false,1,-13,[4],5]],[0,"9c4x/se1JExYXIA0Z++2oB",1],[4,4278255360],[5,81.48,63],[0,0,0],[-82,-31.5,0,0,0,0,1,1,1,1]],[3,"RICHTEXT_CHILD",1024,-32768,2,[[4,"Text",50,false,1,-14,[6],7]],[0,"767vbQpVtNDb95YYXfoP1m",1],[4,4294967055],[5,82.52,63],[0,0,0],[-0.519999999999996,-31.5,0,0,0,0,1,1,1,1]]],0,[0,3,1,0,0,1,0,-1,3,0,-2,4,0,-3,2,0,0,2,0,-1,5,0,-2,6,0,0,3,0,0,3,0,0,4,0,0,4,0,0,5,0,0,6,0,4,1,14],[0,0,0,0,0,0,0,0,0],[-1,1,-1,1,-1,2,-1,2,5],[0,2,0,3,0,1,0,1,1]],[[{"name":"default_sprite_splash","rect":[0,0,2,2],"offset":[0,0],"originalSize":[2,2],"capInsets":[0,0,0,0]}],[2],0,[0],[6],[4]]]]