[1,["30JB9/Du1FpYTOFox/WnI2","50FOuqi5RNbZJTuN7HjIB4","31/zJKsRpJgq8jyjOAqaN+","97gy+F07FI4JJG3MPjiLuO","c9l1AQnP5DTJxav0XkrQ3a","08/CTa1LFH34wX6u6cINhR","45KzXwnf5DTbFhN3jHDqfk","b1107Mo7VAqbP08yiW5nb3","8fyuw0AcNJIqwnz2vdGEJJ"],["_textureSetter"],["cc.SpriteFrame"],0,[[[{"name":"Btn_48_orange","rect":[0,0,240,144],"offset":[0,0],"originalSize":[240,144],"capInsets":[68,6,68,6]}],[0],0,[0],[0],[0]],[[{"name":"gift","rect":[22,23,139,137],"offset":[2.5,0.5],"originalSize":[178,184],"capInsets":[0,0,0,0]}],[0],0,[0],[0],[1]],[[{"name":"bn_gami_onefarm_stage3","rect":[0,0,465,594],"offset":[0,0],"originalSize":[465,594],"capInsets":[0,0,0,0]}],[0],0,[0],[0],[2]],[[{"name":"bn_gami_onefarm_onboard_caychet","rect":[39,0,205,318],"offset":[-2.5,1],"originalSize":[288,320],"capInsets":[0,0,0,0]}],[0],0,[0],[0],[3]],[[{"name":"bn_gami_onefarm_onboard_cayyeu","rect":[43,0,201,318],"offset":[-0.5,1],"originalSize":[288,320],"capInsets":[0,0,0,0]}],[0],0,[0],[0],[4]],[[{"name":"bn_gami_onefarm_onboard_caykhoe","rect":[17,1,260,317],"offset":[3,0.5],"originalSize":[288,320],"capInsets":[0,0,0,0]}],[0],0,[0],[0],[5]],[[{"name":"bn_gami_onefarm_onboard_header","rect":[0,0,1125,342],"offset":[0,0],"originalSize":[1125,342],"capInsets":[0,0,0,0]}],[0],0,[0],[0],[6]],[[{"name":"bn_gami_onefarm_onboard_footer","rect":[0,0,1,1],"offset":[0,0],"originalSize":[1,1],"capInsets":[0,0,0,0]}],[0],0,[0],[0],[7]],[[{"name":"bn_gami_onefarm_stage4","rect":[0,0,465,594],"offset":[0,0],"originalSize":[465,594],"capInsets":[0,0,0,0]}],[0],0,[0],[0],[8]]]]