[1,["ecpdLyjvZBwrvm+cedCcQy","4bNnhIFoNEVqiedlzwfUWf","55RXrNeLZJfLzd336Fc64X","2cKrE3QGlKhLi7PX/shN/k","b4IZQqgrNNLqVqsnyavYlU"],["node","_spriteFrame","root","title","icon","data","_N$file","_textureSetter"],[["cc.Widget",["_alignFlags","_originalWidth","_top","_bottom","_originalHeight","_left","_right","node"],-4,1],["cc.Node",["_name","_components","_prefab","_contentSize","_children","_parent","_trs"],2,9,4,5,2,1,7],["cc.Node",["_name","_parent","_components","_prefab","_contentSize","_trs","_color"],2,1,12,4,5,7,5],["cc.Sprite",["_sizeMode","_isTrimmedMode","node","_materials","_spriteFrame"],1,1,3,6],"cc.SpriteFrame",["cc.Prefab",["_name"],2],["4161fPzBBJLhrRzTW6QvMNF",["node","icon","title"],3,1,1,1],["cc.PrefabInfo",["fileId","root"],2,1],["cc.Label",["_string","_fontSize","_lineHeight","_isSystemFontUsed","_N$horizontalAlign","_N$verticalAlign","_N$overflow","node","_materials"],-4,1,3]],[[7,0,1,2],[5,0,2],[1,0,4,1,2,3,2],[1,0,5,1,2,3,6,2],[2,0,1,2,3,4,5,2],[2,0,1,2,3,6,4,5,2],[6,0,1,2,1],[3,0,1,2,3,4,3],[3,0,1,2,3,3],[0,0,2,3,1,4,7,6],[0,0,5,6,2,1,7,6],[0,0,3,1,7,4],[8,0,1,2,3,4,5,6,7,8,8]],[[[[1,"WHItemSeedEmptyUI"],[2,"whSeedItemEmptyPrefab",[-5,-6,-7],[[6,-4,-3,-2]],[0,"d5NwXSkApHeLLd21rhMLzI",-1],[5,501,564]],[3,"bg",1,[[7,0,false,-8,[0],1],[9,44,31.75999999999999,4,501,540.48,-9]],[0,"9brjstJjpFCqZlLhmz6QIw",1],[5,501,516],[0,-20,0,0,0,0,1,1,1,1]],[4,"seed",1,[[-10,[10,41,154.5,154.5,128,192,-11]],1,4],[0,"de8mcbGhBHAaqhUy5ZVgGn",1],[5,192,192],[0,58,0,0,0,0,1,1,1,1]],[5,"name",1,[[-12,[11,44,60,184.55,-13]],1,4],[0,"301cWwA41D/Lc0yqzF1axa",1],[4,4278190080],[5,501,135.6],[0,-154.2,0,0,0,0,1,1,1,1]],[8,0,false,3,[2]],[12,"Hạt giống mới\nsắp xuất hiện",42,60,false,1,1,3,4,[3]]],0,[0,2,1,0,3,6,0,4,5,0,0,1,0,-1,2,0,-2,3,0,-3,4,0,0,2,0,0,2,0,-1,5,0,0,3,0,-1,6,0,0,4,0,5,1,13],[0,0,0,0,5,6],[-1,1,-1,-1,1,6],[0,1,0,0,2,3]],[[{"name":"im_128color_gami_onefarm_seeds","rect":[45,13,271,352],"offset":[-11.5,3],"originalSize":[384,384],"capInsets":[0,0,0,0]}],[4],0,[0],[7],[4]]]]