[1,["ecpdLyjvZBwrvm+cedCcQy","e0tKgiImFJrb4orawlVaGr","97243e5b-17bc-46f4-9764-8d015bff1975@6c48a","3eznnlUBhCqYad9NlbLhD8"],["node","_textureSetter","root","divider","contentView","fakeNodeIndicator","indicatorLayout","tabLayout","pageView","data","_spriteFrame","indicatorFrame"],[["cc.Node",["_name","_opacity","_components","_prefab","_contentSize","_trs","_parent","_children"],1,9,4,5,7,1,2],["cc.Widget",["_alignFlags","_originalWidth","_originalHeight","_top","node"],-1,1],["cc.Node",["_name","_parent","_components","_prefab","_contentSize","_children","_trs"],2,1,12,4,5,2,7],["cc.PrefabInfo",["fileId","root","asset"],2,1,1],["cc.Layout",["_resize","_N$layoutType","_N$affectedByScale","node","_layoutSize"],0,1,5],"cc.SpriteFrame",["cc.Prefab",["_name"],2],["15b17RSqPRL2b2AQSa+4qz9",["node","pageView","tabLayout","indicatorLayout","fakeNodeIndicator","contentView","divider","indicatorFrame"],3,1,1,1,1,1,1,1,6],["cc.BlockInputEvents",["node"],3,1],["cc.Mask",["_N$alphaThreshold","node","_materials"],2,1,3],["cc.Sprite",["_sizeMode","node","_materials","_spriteFrame"],2,1,3,6],["cc.PageView",["bounceDuration","scrollThreshold","autoPageTurningThreshold","node","_N$content"],0,1,1]],[[3,0,1,2,2],[1,0,1,2,4,4],[0,0,6,2,3,4,5,2],[1,0,3,1,2,4,5],[1,0,3,1,4,4],[4,0,1,3,4,3],[6,0,2],[0,0,7,2,3,4,5,2],[0,0,6,7,2,3,4,5,2],[0,0,1,6,2,3,4,5,3],[0,0,6,2,3,4,2],[2,0,1,5,2,3,4,2],[2,0,1,2,3,4,6,2],[7,0,1,2,3,4,5,6,7,1],[1,0,1,4,3],[3,1,2,1],[4,0,1,2,3,4,4],[8,0,1],[9,0,1,2,2],[10,0,1,2,3,2],[11,0,1,2,3,4,4]],[[[{"name":"indicator","rect":[1,0,120,6],"offset":[0.5,0],"originalSize":[121,6],"capInsets":[0,0,0,0]}],[5],0,[0],[1],[1]],[[[6,"TabBarUI"],[7,"prefabTabBar",[-10],[[13,-8,-7,-6,-5,-4,-3,-2,3],[1,45,1125,2436,-9]],[15,-1,0],[5,1125,2436],[562.5,1218,0,0,0,0,1,1,1,1]],[11,"pageview",1,[-13,-14,-15,-16,-17],[[-11,[1,45,1125,2436,-12]],1,4],[0,"0bdRM0T6ZHXqv/YQtlXEsh",1,0],[5,1125,2436]],[2,"tabLayout",2,[[5,2,1,-18,[5,1125,120]],[14,41,195.74,-19],[17,-20]],[0,"7fXKD6fPFCdaWtmZ61N7nL",1,0],[5,1125,120],[0,1158,0,0,0,0,1,1,1,1]],[8,"view",2,[-23],[[18,0,-21,[2]],[3,45,126,1125,350,-22]],[0,"c9yyaxdjdLnqEaj6ClBX5c",1,0],[5,1125,2310],[0,-63,0,0,0,0,1,1,1,1]],[9,"divider",16,2,[[19,0,-24,[0],1],[4,41,123,2,-25]],[0,"8fA3jNyG1MVrlykm4ynSlA",1,0],[5,1125,3],[0,1093.5,0,0,0,0,1,1,1,1]],[10,"content",4,[[16,1,1,true,-26,[5,1125,2310]],[1,13,1125,2316,-27]],[0,"2dQF2EyChISJbkssD7qi5n",1,0],[5,1125,2310]],[12,"indicatorLayout",2,[[-28,[4,41,120,1125,-29]],1,4],[0,"ecas38T2hB9rgGPmvbVOre",1,0],[5,1125,6],[0,1095,0,0,0,0,1,1,1,1]],[2,"fakeNodeIndicator",2,[[3,41,118,100,27,-30]],[0,"0dldHNyf9P1qhiHT21qaA5",1,0],[5,1125,6],[0,1097,0,0,0,0,1,1,1,1]],[5,2,1,7,[5,1125,6]],[20,0.5,1,0,2,6]],0,[0,2,1,0,3,5,0,4,4,0,5,8,0,6,9,0,7,3,0,8,10,0,0,1,0,0,1,0,-1,2,0,-1,10,0,0,2,0,-1,3,0,-2,7,0,-3,5,0,-4,8,0,-5,4,0,0,3,0,0,3,0,0,3,0,0,4,0,0,4,0,-1,6,0,0,5,0,0,5,0,0,6,0,0,6,0,-1,9,0,0,7,0,0,8,0,9,1,30],[0,0,0,0],[-1,10,-1,11],[0,2,0,3]]]]