[1,["ecpdLyjvZBwrvm+cedCcQy","8aX1vYm8NPwqFEht0/yiFl","c8ouTxIYhNbJhUls0Po2X8","97243e5b-17bc-46f4-9764-8d015bff1975@6c48a","f5pzfU8z1IuKYyILAmPDdt","21qIkh/YZEPbjtLEFfAAql","ackIgnR0dE+biEEqU0u6Vk","90bv3S41dDAakvrw0xu2iE","15h4xcl4JOqZWQZ6k5C9/C"],["node","_spriteFrame","_normalMaterial","_textureSetter","root","emptySeedPacket","target","data","_parent"],[["cc.Node",["_name","_opacity","_prefab","_components","_parent","_contentSize","_trs","_children","_anchorPoint"],1,4,9,1,5,7,2,5],["cc.Widget",["_alignFlags","_originalWidth","_originalHeight","_left","_top","node"],-2,1],["cc.Sprite",["_sizeMode","node","_materials","_spriteFrame"],2,1,3,6],["cc.Button",["zoomScale","_N$transition","node","clickEvents","_normalMaterial"],1,1,9,6],"cc.SpriteFrame",["cc.Prefab",["_name"],2],["736f3+NvxxDrIKjDp39CEtc",["node","emptySeedPacket"],3,1,1],["cc.PrefabInfo",["fileId","root"],2,1],["cc.ClickEvent",["_componentId","handler","target"],1,1],["36d3bCjkGZHWYcsLE8AZD6i",["node"],3,1],["2353b8ir09Ng5xwL5NhFFOI",["node"],3,1],["cc.BlockInputEvents",["node"],3,1],["cc.Camera",["_clearFlags","_depth","node"],1,1]],[[7,0,1,2],[2,1,2,3,1],[0,0,4,3,2,5,6,2],[0,0,7,3,2,5,6,2],[8,0,1,2,3],[9,0,1],[5,0,2],[0,0,4,7,2,2],[0,0,1,4,3,2,5,3],[0,0,4,3,2,5,8,6,2],[0,0,4,3,2,6,2],[6,0,1,1],[1,0,1,2,5,4],[1,0,3,4,5,4],[2,0,1,2,3,2],[3,0,2,3,4,2],[3,0,1,2,3,4,3],[10,0,1],[11,0,1],[12,0,1,2,3]],[[[{"name":"tooltip","rect":[4,9,728,140],"offset":[-8.5,-4],"originalSize":[753,150],"capInsets":[0,0,0,0]}],[4],0,[0],[3],[2]],[[[6,"SlotTutorialUI"],[3,"Canvas",[-5,-6,-7],[[11,-3,-2],[12,45,1125,2436,-4]],[0,"8eSIq+H2pF86Bi9QdQi7qb",-1],[5,1125,2436],[562.5,1218,0,0,0,0,1,1,1,1]],[3,"slotAvailable",[-11,-12,-13],[[1,-8,[14],15],[15,0.95,-9,[[4,"736f3+NvxxDrIKjDp39CEtc","gotoNextStep",1]],16],[5,-10]],[0,"82HG4aRntOKJpgwIlDa2pL",1],[5,444,276],[196.128,-425.688,0,0,0,0,1,1,1,1]],[2,"SkipTutorialUI",1,[[1,-14,[17],18],[17,-15],[13,9,24,90,-16],[5,-17],[16,0.9,3,-19,[[4,"2353b8ir09Ng5xwL5NhFFOI","skipTutorial",-18]],19]],[0,"b8XRGT9uZFPIZ8E09qcmyK",1],[5,429,96],[-324,1080,0,0,0,0,1,1,1,1]],[7,"slotLayout",1,[-20,-21,-22,-23,2],[0,"0djsf2HexMBoX53fyPFo12",1]],[8,"dark_bg",110,4,[[14,0,-24,[6],7],[18,-25]],[0,"76v2mq1AlMqpALfLxEyvsZ",1],[5,1125,2436]],[9,"treeStage",2,[[1,-26,[8],9]],[0,"d48/Rh6jBN8Ldm+QB0bhQ9",1],[5,404,424],[0,0.5,0],[0,23.817,0,0,0,0,1,0.75,0.75,1]],[10,"Main Camera",1,[[19,7,-1,-27]],[0,"8bsL5Hde1GS6t7oQbdlWNQ",1],[0,0,355.0704155516199,0,0,0,1,1,1,1]],[2,"slotLock",4,[[1,-28,[0],1]],[0,"04Cs71wJJIcqjDVjI7mjp7",1],[5,444,277],[193.144,87.497,0,0,0,0,1,1,1,1]],[2,"slotLock",4,[[1,-29,[2],3]],[0,"9akPe0/ntOoq22hgdars5Y",1],[5,444,277],[-230.403,-150.156,0,0,0,0,1,1,1,1]],[2,"slotLock",4,[[1,-30,[4],5]],[0,"df62JqVzVBbqLV2fATp35Y",1],[5,444,277],[-191.039,335.523,0,0,0,0,1,1,1,1]],[2,"hand",2,[[1,-31,[10],11]],[0,"bbfZLSRcBNCbYI98UmstmJ",1],[5,227,188],[144.449,-85.015,0,0,0,0,1,1,1,1]],[2,"tooltip",2,[[1,-32,[12],13]],[0,"53mYIljKFFWofuWGvN0fGG",1],[5,728,140],[-78.543,274.901,0,0,0,0,1,1,1,1]]],0,[0,4,1,0,5,6,0,0,1,0,0,1,0,-1,7,0,-2,4,0,-3,3,0,0,2,0,0,2,0,0,2,0,-1,6,0,-2,11,0,-3,12,0,0,3,0,0,3,0,0,3,0,0,3,0,6,3,0,0,3,0,-1,8,0,-2,9,0,-3,10,0,-4,5,0,0,5,0,0,5,0,0,6,0,0,7,0,0,8,0,0,9,0,0,10,0,0,11,0,0,12,0,7,1,2,8,4,32],[0,0,0,0,0,0,0,0,0,0,0,0,0,0,0,0,0,0,0,0],[-1,1,-1,1,-1,1,-1,1,-1,1,-1,1,-1,1,-1,1,2,-1,1,2],[0,1,0,1,0,1,0,3,0,4,0,5,0,6,0,7,0,0,8,0]]]]