[1,["ecpdLyjvZBwrvm+cedCcQy","f3RdHH1L1MX5ioi2hFW8hp","f0BIwQ8D5Ml7nTNQbh1YlS","bcD8DVbspJrpzzn1lMOn8q","13rStvGwZLebovPG3Na5zX","77L+LXVd9JWoyJmvQ1PG2q","97243e5b-17bc-46f4-9764-8d015bff1975@6c48a","79AlQcPIZCPpDJ5upaDvqw","7dCpngA1NIS4smAW0kBBUX","74HCxRChhFr7WGbR0iHaCh","a2FVMi/FZFRIMlHICV+5gy","2cKrE3QGlKhLi7PX/shN/k","e97GVMl6JHh5Ml5qEDdSGa","29FYIk+N1GYaeWH/q1NxQO"],["node","_spriteFrame","_textureSetter","_N$file","root","ctaLabel","button","msg","title","icon","_N$target","data","_parent","_normalMaterial","_N$normalSprite","_N$pressedSprite","_N$hoverSprite","_N$disabledSprite"],[["cc.Node",["_name","_opacity","_components","_prefab","_contentSize","_parent","_children","_trs","_color"],1,9,4,5,1,2,7,5],["cc.Widget",["_alignFlags","_originalWidth","_left","_originalHeight","_right","_top","alignMode","node"],-4,1],["cc.Node",["_name","_opacity","_parent","_components","_prefab","_contentSize","_trs","_color","_children"],1,1,12,4,5,7,5,2],["cc.Sprite",["_sizeMode","_type","_isTrimmedMode","node","_materials","_spriteFrame"],0,1,3,6],"cc.SpriteFrame",["cc.PrefabInfo",["fileId","root","asset"],2,1,1],["cc.Button",["zoomScale","_N$transition","node","_N$target","clickEvents","_N$normalColor","_N$pressedColor","_N$disabledColor"],1,1,1,9,5,5,5],["cc.Label",["_string","_fontSize","_lineHeight","_isSystemFontUsed","_N$horizontalAlign","_N$verticalAlign","_N$overflow","_enableWrapText","node","_materials"],-5,1,3],["cc.Prefab",["_name"],2],["cc.Node",["_name","_parent","_components","_prefab","_contentSize","_trs"],2,1,2,4,5,7],["e4decUZY7xC4bfyTbeDFEi4",["node","icon","title","msg","button","ctaLabel"],3,1,1,1,1,1,1],["cc.Layout",["_resize","_N$layoutType","_N$paddingTop","_N$paddingBottom","_N$spacingY","node","_layoutSize"],-2,1,5],["cc.ClickEvent",["_componentId","handler","target"],1,1],["cc.BlockInputEvents",["node"],3,1]],[[5,0,1,2,2],[1,0,2,4,1,7,5],[0,0,6,2,3,4,7,2],[1,0,1,7,3],[1,0,1,3,7,4],[3,1,0,3,4,5,3],[11,0,1,2,3,4,5,6,6],[7,0,1,2,3,4,5,6,8,9,8],[8,0,2],[0,0,5,6,2,3,4,2],[0,0,5,2,3,4,7,2],[0,0,5,6,2,3,4,7,2],[0,0,1,5,2,3,8,4,3],[2,0,2,8,3,4,5,6,2],[2,0,2,3,4,7,5,6,2],[2,0,1,2,3,4,7,5,6,3],[2,0,2,3,4,5,2],[9,0,1,2,3,4,5,2],[1,0,2,5,7,4],[1,6,0,1,3,7,5],[10,0,1,2,3,4,5,1],[5,1,2,1],[3,0,2,3,4,5,3],[3,0,3,4,5,2],[3,3,4,1],[6,2,4,3,1],[6,0,1,2,5,6,7,3,3],[12,0,1,2,3],[13,0,1],[7,0,1,2,7,3,4,5,6,8,9,9]],[[[{"name":"bg_rounded_8","rect":[0,0,50,50],"offset":[0,0],"originalSize":[50,50],"capInsets":[24,24,24,24]}],[4],0,[0],[2],[3]],[[{"name":"ic_24system_close_outlined_ink1","rect":[16,16,40,40],"offset":[0,0],"originalSize":[72,72],"capInsets":[0,0,0,0]}],[4],0,[0],[2],[4]],[[{"name":"bg_rounded_primary_8","rect":[0,0,50,50],"offset":[0,0],"originalSize":[50,50],"capInsets":[24,24,24,24]}],[4],0,[0],[2],[5]],[[[8,"PopupErrorUI"],[2,"prefabPopupUI",[-9,-10],[[3,45,1125,-2],[20,-8,-7,-6,-5,-4,-3]],[21,-1,0],[5,1125,2436],[562.5,1218,0,0,0,0,1,1,1,1]],[9,"popup",1,[-14,-15,-16,-17],[[5,1,0,-11,[10],11],[1,42,120,120,50,-12],[6,1,2,24,48,36,-13,[5,885,1035.2]]],[0,"e9NOKjNlZLypRPM+UuVfuM",1,0],[5,885,1035.2]],[10,"btnClose",2,[[22,0,false,-18,[2],3],[18,9,24,24,-19],[25,-21,[[27,"e4decUZY7xC4bfyTbeDFEi4","hide",1]],-20]],[0,"86yIyeAotKh4cc3XN0rXsT",1,0],[5,72,72],[-382.5,457.6,0,0,0,0,1,1,1,1]],[11,"content",2,[-24,-25],[[6,1,2,12,12,24,-22,[5,885,259.2]],[3,40,200,-23]],[0,"2dL+wwnc5MiJayBc78yzri",1,0],[5,885,259.2],[0,-159.99999999999997,0,0,0,0,1,1,1,1]],[2,"Background",[-28],[[5,1,0,-26,[8],9],[19,0,45,100,40,-27]],[0,"117fVc815AxJYhbmVyA6ao",1,0],[5,789,144],[0,0,0,0,0,0,1,1,1,0]],[12,"bg",200,1,[[23,0,-29,[0],1],[4,45,2,2,-30],[28,-31]],[0,"6c5qOJBoRK2KlvMwz0Pq77",1,0],[4,4278190080],[5,1125,2436]],[13,"button",2,[5],[[-32,[1,40,48,48,100,-33]],1,4],[0,"70lmRRCGVPNYrIoDs/xy3o",1,0],[5,789,144],[0,-397.59999999999997,0,0,0,0,1,1,1,1]],[14,"title",4,[[-34,[1,40,24,24,584.82,-35]],1,4],[0,"a1OmsoHwJOuZwoip/DZDep",1,0],[4,4278190080],[5,837,75.6],[0,79.8,0,0,0,0,1,1,1,1]],[15,"msg",80,4,[[-36,[1,40,24,24,97.87,-37]],1,4],[0,"6aeZ2J5mRO941bNDtHa4xq",1,0],[4,4280422913],[5,837,135.6],[0,-49.8,0,0,0,0,1,1,1,1]],[16,"Label",5,[[-38,[4,45,100,40,-39]],1,4],[0,"328LwRVJVC9KRS6ZV6YdiZ",1,0],[5,789,144]],[17,"icon",2,[-40],[0,"feJuf68EpG6ZBW+lGPi9Cz",1,0],[5,293,380],[0,195.60000000000002,0,0,0,0,1,1,1,1]],[24,11,[4]],[7,"Chà...có gì đó không ổn",60,60,false,1,1,3,8,[5]],[7,"Đây là nội dung thay đổi theo ngữ cảnh",48,60,false,1,1,3,9,[6]],[29,"Thử lại",48,48,false,false,1,1,1,10,[7]],[26,0.85,3,7,[4,4293322470],[4,4291348680],[4,3363338360],5]],0,[0,4,1,0,0,1,0,5,15,0,6,16,0,7,14,0,8,13,0,9,12,0,0,1,0,-1,6,0,-2,2,0,0,2,0,0,2,0,0,2,0,-1,3,0,-2,11,0,-3,4,0,-4,7,0,0,3,0,0,3,0,10,3,0,0,3,0,0,4,0,0,4,0,-1,8,0,-2,9,0,0,5,0,0,5,0,-1,10,0,0,6,0,0,6,0,0,6,0,-1,16,0,0,7,0,-1,13,0,0,8,0,-1,14,0,0,9,0,-1,15,0,0,10,0,-1,12,0,11,1,5,12,7,40],[0,0,0,0,0,0,0,0,0,0,0,0,12,13,14,15,16,16,16,16,16],[-1,1,-1,1,-1,-1,-1,-1,-1,1,-1,1,1,3,3,3,13,14,15,16,17],[0,6,0,7,0,0,0,0,0,8,0,9,10,1,11,1,0,2,12,2,13]]]]