[1,["6d7U2fUR1PE6XR4ZKesn81","48zIRpcixDYoftM+nkCUcr","9fDJqN96hOFZI/xDHWntKH","56fc2Ai/RFNYpaMT8crweK"],["_textureSetter"],["cc.SpriteFrame"],0,[[[{"name":"btn_green","rect":[0,0,1029,192],"offset":[0,0],"originalSize":[1029,192],"capInsets":[0,0,0,0]}],[0],0,[0],[0],[0]],[[{"name":"ic_24system_arrow_swipe_right_ink1","rect":[6,19,60,34],"offset":[0,0],"originalSize":[72,72],"capInsets":[0,0,0,0]}],[0],0,[0],[0],[1]],[[{"name":"dragger","rect":[0,0,168,168],"offset":[0,0],"originalSize":[168,168],"capInsets":[0,0,0,0]}],[0],0,[0],[0],[2]],[[{"name":"default_radio_button_off","rect":[3,3,26,26],"offset":[0,0],"originalSize":[32,32],"capInsets":[0,0,0,0]}],[0],0,[0],[0],[3]]]]