[1,["beAIaxNghEwKJKWVvM7f3d","79/Ro6h+1M9b4PfHONuAYx","43/Zirn41GiYOYuRTXBF5Q","86UG0yUOZB6rxOCykOoSOG","b1v9NvfhtNyY0F5O0A+irX","6aN1/YpdlMCI+HgzE/itwF","e6rULIrOpIFY9bXxneKMRZ","06CmT9lIBBeZbgZ92thvAc","4aECYjkuNMjr/COatIiXwI","c18+64YK9L0ZQ8FaAKkUda","4f0LSLs2dLjKlPlNLJT7YW","6bwFL/uYdK4qnesYA6GymU","4eX7dyNiRNxrtj8FCKAJLe","e5g8Gm85ZK65HtxDHQLsWP","eadpthk3BIUqz4soOSsBqj","cfikpWp19D+6IwZwfqpsYI","af+GhORl1JsaYyaKwxM8MA","317WKHJQ1HN6BC24gDmZSg","3cmGrpWz1Il53qQNrE4HPX","e6wTYHfWVBJYo4ieWRem54","c5u8ORIkpHE5piuZGnSonM","57i7VMoClIF7QewTeS75O0","7alYwkqC5F+qGuwEuz8opN","b0MAXFl2hN7L6CR6bIPt0J","e6zqR6lzhKRZrm2WtNVGl8","5f5kLnZUdEe4RTxqg3NUM9","0aBC/XmPhJkKQkRSNbf1m1","b8X4b5qsVPw66dzDYMPFkx","a59O+BcG1OXKzFJDeQ3CnG","b98pqFq2hHDK/5CpaiHfwE","53KFLi/IRH854IYLyPYbd2","bfz/HPIYdL1aitV75wGJzU","d9qryeGk9GNrkt/YzcNlDY","5eoczS329CkKYkehJkcoA7","d6aY9xAgJE9K/mDiM0eKAr","537gA/FGVJYbQO53iMPDeE","a4+HRUPz9HrbdcKqm3w0zj","8aW1eSkJBMwYqVCWqvsLvk","7fL2AENztDr6cXj+tYGNen","5ahggec51BYp7l4ibRlrxB","6aH0Z5D/NN9K7aEMXxGpRF","47d0b6x85IBaHdbqncgQIX"],["value","_textureSetter"],["cc.SpriteFrame",["cc.AnimationClip",["_name","_duration","sample","speed","wrapMode","events","curveData"],-3,11],["cc.AnimationClip",["_name","_duration","sample","speed","wrapMode","events","curveData"],-4]],[[2,0,1,2,3,4,5,6,8],[1,0,1,2,3,4,6,6],[1,0,1,2,3,5,6,6],[1,0,1,2,3,4,5,6,7]],[[[{"name":"bn_gami_onefarm_status_smile","rect":[19,86,241,127],"offset":[-0.5,-37.5],"originalSize":[280,224],"capInsets":[0,0,0,0]}],[0],0,[0],[1],[13]],[[{"name":"bn_gami_ onefarm_bubble_detail","rect":[1,2,166,140],"offset":[0,0],"originalSize":[168,144],"capInsets":[0,0,0,0]}],[0],0,[0],[1],[14]],[[{"name":"bn_gami_onefarm_SKU_flare","rect":[37,133,391,391],"offset":[0,-31.5],"originalSize":[465,594],"capInsets":[0,0,0,0]}],[0],0,[0],[1],[15]],[[{"name":"im_80color_gami_common_back","rect":[12,12,296,296],"offset":[0,0],"originalSize":[320,320],"capInsets":[0,0,0,0]}],[0],0,[0],[1],[16]],[[{"name":"progress_bg","rect":[0,0,606,48],"offset":[0,0],"originalSize":[606,48],"capInsets":[22,0,22,0]}],[0],0,[0],[1],[17]],[[{"name":"progress_badge_2","rect":[0,0,96,96],"offset":[0,0],"originalSize":[96,96],"capInsets":[0,0,0,0]}],[0],0,[0],[1],[18]],[[{"name":"progress_badge_1","rect":[0,0,96,96],"offset":[0,0],"originalSize":[96,96],"capInsets":[0,0,0,0]}],[0],0,[0],[1],[19]],[[{"name":"im_80color_gami_onefarm_item","rect":[0,12,240,228],"offset":[0,-6],"originalSize":[240,240],"capInsets":[0,0,0,0]}],[0],0,[0],[1],[20]],[[{"name":"Cu cai_00003","rect":[900,0,300,300],"offset":[0,0],"originalSize":[300,300],"capInsets":[0,0,0,0]}],[0],0,[0],[1],[0]],[[{"name":"Cu cai_00008","rect":[600,300,300,300],"offset":[0,0],"originalSize":[300,300],"capInsets":[0,0,0,0]}],[0],0,[0],[1],[0]],[[{"name":"icon_cay","rect":[1,0,129,144],"offset":[0.5,0],"originalSize":[130,144],"capInsets":[0,0,0,0]}],[0],0,[0],[1],[21]],[[{"name":"Cu cai_00006","rect":[0,300,300,300],"offset":[0,0],"originalSize":[300,300],"capInsets":[0,0,0,0]}],[0],0,[0],[1],[0]],[[{"name":"hint_water_boost","rect":[0,0,699,168],"offset":[0,0],"originalSize":[699,168],"capInsets":[0,0,0,0]}],[0],0,[0],[1],[22]],[[{"name":"bn_gami_ onefarm_bubble_history","rect":[0,0,168,144],"offset":[0,0],"originalSize":[168,144],"capInsets":[0,0,0,0]}],[0],0,[0],[1],[23]],[[{"name":"bn_gami_onefarm_foreground_defaut","rect":[0,512,1125,1924],"offset":[0,-256],"originalSize":[1125,2436],"capInsets":[0,0,0,0]}],[0],0,[0],[1],[24]],[[{"name":"Cu cai_00011","rect":[1500,300,300,300],"offset":[0,0],"originalSize":[300,300],"capInsets":[0,0,0,0]}],[0],0,[0],[1],[0]],[[{"name":"im_128color_gami_onefarm_item_shovel","rect":[0,0,420,282],"offset":[0,0],"originalSize":[420,282],"capInsets":[0,0,0,0]}],[0],0,[0],[1],[25]],[[[0,"SunAnim",20,10,0.4,2,[{"frame":1.3,"func":"","params":[]}],{"props":{"angle":[{"frame":0,"value":360},{"frame":20,"value":0}]}}]],0,0,[],[],[]],[[{"name":"Cu cai_00010","rect":[1200,300,300,300],"offset":[0,0],"originalSize":[300,300],"capInsets":[0,0,0,0]}],[0],0,[0],[1],[0]],[[[1,"ButterflyAnim",0.6,20,0.7,2,[{},"paths",11,[{},"fly1",11,[{},"comps",11,[{},"cc.Sprite",11,[{},"spriteFrame",12,[[[{"frame":0},"value",6,0],[{"frame":0.05},"value",6,1],[{"frame":0.1},"value",6,2],[{"frame":0.15},"value",6,3],[{"frame":0.2},"value",6,4],[{"frame":0.25},"value",6,5],[{"frame":0.3},"value",6,6],[{"frame":0.35},"value",6,7],[{"frame":0.4},"value",6,8],[{"frame":0.45},"value",6,9],[{"frame":0.5},"value",6,10],[{"frame":0.55},"value",6,11]],11,11,11,11,11,11,11,11,11,11,11,11]]]],"fly2",11,[{},"comps",11,[{},"cc.Sprite",11,[{},"spriteFrame",12,[[[{"frame":0},"value",6,12],[{"frame":0.05},"value",6,13],[{"frame":0.1},"value",6,14],[{"frame":0.15},"value",6,15],[{"frame":0.2},"value",6,16],[{"frame":0.25},"value",6,17],[{"frame":0.3},"value",6,18],[{"frame":0.35},"value",6,19],[{"frame":0.4},"value",6,20],[{"frame":0.45},"value",6,21],[{"frame":0.5},"value",6,22],[{"frame":0.55},"value",6,23]],11,11,11,11,11,11,11,11,11,11,11,11]]]],"fly3",11,[{},"comps",11,[{},"cc.Sprite",11,[{},"spriteFrame",12,[[[{"frame":0},"value",6,24],[{"frame":0.05},"value",6,25],[{"frame":0.1},"value",6,26],[{"frame":0.15},"value",6,27],[{"frame":0.2},"value",6,28],[{"frame":0.25},"value",6,29],[{"frame":0.3},"value",6,30],[{"frame":0.35},"value",6,31],[{"frame":0.4},"value",6,32],[{"frame":0.45},"value",6,33],[{"frame":0.5},"value",6,34],[{"frame":0.55},"value",6,35]],11,11,11,11,11,11,11,11,11,11,11,11]]]]]]]],0,0,[0,0,0,0,0,0,0,0,0,0,0,0,0,0,0,0,0,0,0,0,0,0,0,0,0,0,0,0,0,0,0,0,0,0,0,0],[0,0,0,0,0,0,0,0,0,0,0,0,0,0,0,0,0,0,0,0,0,0,0,0,0,0,0,0,0,0,0,0,0,0,0,0],[1,2,3,4,5,6,7,8,9,10,11,12,1,2,3,4,5,6,7,8,9,10,11,12,1,2,3,4,5,6,7,8,9,10,11,12]],[[{"name":"Cu cai_00009","rect":[900,300,300,300],"offset":[0,0],"originalSize":[300,300],"capInsets":[0,0,0,0]}],[0],0,[0],[1],[0]],[[[2,"ButterflyDetailTreeAnim",1.8,20,0.7,[{"frame":1.8,"func":"onButterFlyAnimCompleted","params":[]}],[{},"paths",11,[{},"fly1",11,[{"props":{"position":[{"frame":0,"value":[-244,-127],"motionPath":[]},{"frame":1.8,"value":[-103,-61],"motionPath":[]}]}},"comps",11,[{},"cc.Sprite",11,[{},"spriteFrame",12,[[[{"frame":0},"value",6,0],[{"frame":0.05},"value",6,1],[{"frame":0.1},"value",6,2],[{"frame":0.15},"value",6,3],[{"frame":0.2},"value",6,4],[{"frame":0.25},"value",6,5],[{"frame":0.3},"value",6,6],[{"frame":0.35},"value",6,7],[{"frame":0.4},"value",6,8],[{"frame":0.45},"value",6,9],[{"frame":0.5},"value",6,10],[{"frame":0.55},"value",6,11],[{"frame":0.6},"value",6,12],[{"frame":0.65},"value",6,13],[{"frame":0.7},"value",6,14],[{"frame":0.75},"value",6,15],[{"frame":0.8},"value",6,16],[{"frame":0.85},"value",6,17],[{"frame":0.9},"value",6,18],[{"frame":0.95},"value",6,19],[{"frame":1},"value",6,20],[{"frame":1.05},"value",6,21],[{"frame":1.1},"value",6,22],[{"frame":1.15},"value",6,23],[{"frame":1.2},"value",6,24],[{"frame":1.25},"value",6,25],[{"frame":1.3},"value",6,26],[{"frame":1.35},"value",6,27],[{"frame":1.4},"value",6,28],[{"frame":1.45},"value",6,29],[{"frame":1.5},"value",6,30],[{"frame":1.55},"value",6,31],[{"frame":1.6},"value",6,32],[{"frame":1.65},"value",6,33],[{"frame":1.7},"value",6,34],[{"frame":1.75},"value",6,35]],11,11,11,11,11,11,11,11,11,11,11,11,11,11,11,11,11,11,11,11,11,11,11,11,11,11,11,11,11,11,11,11,11,11,11,11]]]],"fly2",11,[{"props":{"position":[{"frame":0,"value":[-329,176],"motionPath":[]},{"frame":1.8,"value":[-197,279],"motionPath":[]}]}},"comps",11,[{},"cc.Sprite",11,[{},"spriteFrame",12,[[[{"frame":0},"value",6,36],[{"frame":0.05},"value",6,37],[{"frame":0.1},"value",6,38],[{"frame":0.15},"value",6,39],[{"frame":0.2},"value",6,40],[{"frame":0.25},"value",6,41],[{"frame":0.3},"value",6,42],[{"frame":0.35},"value",6,43],[{"frame":0.4},"value",6,44],[{"frame":0.45},"value",6,45],[{"frame":0.5},"value",6,46],[{"frame":0.55},"value",6,47],[{"frame":0.6},"value",6,48],[{"frame":0.65},"value",6,49],[{"frame":0.7},"value",6,50],[{"frame":0.75},"value",6,51],[{"frame":0.8},"value",6,52],[{"frame":0.85},"value",6,53],[{"frame":0.9},"value",6,54],[{"frame":0.95},"value",6,55],[{"frame":1},"value",6,56],[{"frame":1.05},"value",6,57],[{"frame":1.1},"value",6,58],[{"frame":1.15},"value",6,59],[{"frame":1.2},"value",6,60],[{"frame":1.25},"value",6,61],[{"frame":1.3},"value",6,62],[{"frame":1.35},"value",6,63],[{"frame":1.4},"value",6,64],[{"frame":1.45},"value",6,65],[{"frame":1.5},"value",6,66],[{"frame":1.55},"value",6,67],[{"frame":1.6},"value",6,68],[{"frame":1.65},"value",6,69],[{"frame":1.7},"value",6,70],[{"frame":1.75},"value",6,71]],11,11,11,11,11,11,11,11,11,11,11,11,11,11,11,11,11,11,11,11,11,11,11,11,11,11,11,11,11,11,11,11,11,11,11,11]]]],"fly3",11,[{"props":{"position":[{"frame":0,"value":[300,-268],"motionPath":[]},{"frame":0.25,"value":[399,-170],"motionPath":[]},{"frame":0.5,"value":[446,-39],"motionPath":[]},{"frame":0.75,"value":[444,163],"motionPath":[]},{"frame":1,"value":[381,328],"motionPath":[]},{"frame":1.25,"value":[353,343],"motionPath":[]},{"frame":1.8,"value":[167,392],"motionPath":[]}]}},"comps",11,[{},"cc.Sprite",11,[{},"spriteFrame",12,[[[{"frame":0},"value",6,72],[{"frame":0.05},"value",6,73],[{"frame":0.1},"value",6,74],[{"frame":0.15},"value",6,75],[{"frame":0.2},"value",6,76],[{"frame":0.25},"value",6,77],[{"frame":0.3},"value",6,78],[{"frame":0.35},"value",6,79],[{"frame":0.4},"value",6,80],[{"frame":0.45},"value",6,81],[{"frame":0.5},"value",6,82],[{"frame":0.55},"value",6,83],[{"frame":0.6},"value",6,84],[{"frame":0.65},"value",6,85],[{"frame":0.7},"value",6,86],[{"frame":0.75},"value",6,87],[{"frame":0.8},"value",6,88],[{"frame":0.85},"value",6,89],[{"frame":0.9},"value",6,90],[{"frame":0.95},"value",6,91],[{"frame":1},"value",6,92],[{"frame":1.05},"value",6,93],[{"frame":1.1},"value",6,94],[{"frame":1.15},"value",6,95],[{"frame":1.2},"value",6,96],[{"frame":1.25},"value",6,97],[{"frame":1.3},"value",6,98],[{"frame":1.35},"value",6,99],[{"frame":1.4},"value",6,100],[{"frame":1.45},"value",6,101],[{"frame":1.5},"value",6,102],[{"frame":1.55},"value",6,103],[{"frame":1.6},"value",6,104],[{"frame":1.65},"value",6,105],[{"frame":1.7},"value",6,106],[{"frame":1.75},"value",6,107]],11,11,11,11,11,11,11,11,11,11,11,11,11,11,11,11,11,11,11,11,11,11,11,11,11,11,11,11,11,11,11,11,11,11,11,11]]]]]]]],0,0,[0,0,0,0,0,0,0,0,0,0,0,0,0,0,0,0,0,0,0,0,0,0,0,0,0,0,0,0,0,0,0,0,0,0,0,0,0,0,0,0,0,0,0,0,0,0,0,0,0,0,0,0,0,0,0,0,0,0,0,0,0,0,0,0,0,0,0,0,0,0,0,0,0,0,0,0,0,0,0,0,0,0,0,0,0,0,0,0,0,0,0,0,0,0,0,0,0,0,0,0,0,0,0,0,0,0,0,0],[0,0,0,0,0,0,0,0,0,0,0,0,0,0,0,0,0,0,0,0,0,0,0,0,0,0,0,0,0,0,0,0,0,0,0,0,0,0,0,0,0,0,0,0,0,0,0,0,0,0,0,0,0,0,0,0,0,0,0,0,0,0,0,0,0,0,0,0,0,0,0,0,0,0,0,0,0,0,0,0,0,0,0,0,0,0,0,0,0,0,0,0,0,0,0,0,0,0,0,0,0,0,0,0,0,0,0,0],[1,2,3,4,5,6,7,8,9,10,11,12,1,2,3,4,5,6,7,8,9,10,11,12,1,2,3,4,5,6,7,8,9,10,11,12,1,2,3,4,5,6,7,8,9,10,11,12,1,2,3,4,5,6,7,8,9,10,11,12,1,2,3,4,5,6,7,8,9,10,11,12,1,2,3,4,5,6,7,8,9,10,11,12,1,2,3,4,5,6,7,8,9,10,11,12,1,2,3,4,5,6,7,8,9,10,11,12]],[[{"name":"Cu cai_00001","rect":[300,0,300,300],"offset":[0,0],"originalSize":[300,300],"capInsets":[0,0,0,0]}],[0],0,[0],[1],[0]],[[{"name":"im_80color_gami_onefarm_kali","rect":[0,0,240,240],"offset":[0,0],"originalSize":[240,240],"capInsets":[0,0,0,0]}],[0],0,[0],[1],[26]],[[{"name":"Cu cai_00000","rect":[0,0,300,300],"offset":[0,0],"originalSize":[300,300],"capInsets":[0,0,0,0]}],[0],0,[0],[1],[0]],[[{"name":"Cu cai_00002","rect":[600,0,300,300],"offset":[0,0],"originalSize":[300,300],"capInsets":[0,0,0,0]}],[0],0,[0],[1],[0]],[[{"name":"Cu cai_00004","rect":[1200,0,300,300],"offset":[0,0],"originalSize":[300,300],"capInsets":[0,0,0,0]}],[0],0,[0],[1],[0]],[[[3,"ChildTreeAnim",0.6666666666666666,30,0.5,2,[{"frame":0.6666666666666666,"func":"","params":[]}],[{},"comps",11,[{},"cc.Sprite",11,[{},"spriteFrame",12,[[[{"frame":0},"value",6,0],[{"frame":0.03333333333333333},"value",6,1],[{"frame":0.06666666666666667},"value",6,2],[{"frame":0.1},"value",6,3],[{"frame":0.13333333333333333},"value",6,4],[{"frame":0.16666666666666666},"value",6,5],[{"frame":0.2},"value",6,6],[{"frame":0.23333333333333334},"value",6,7],[{"frame":0.26666666666666666},"value",6,8],[{"frame":0.3},"value",6,9],[{"frame":0.3333333333333333},"value",6,10],[{"frame":0.36666666666666664},"value",6,11]],11,11,11,11,11,11,11,11,11,11,11,11]]]]]],0,0,[0,0,0,0,0,0,0,0,0,0,0,0],[0,0,0,0,0,0,0,0,0,0,0,0],[27,28,29,30,31,32,33,34,35,36,37,38]],[[{"name":"bn_gami_onefarm_plantpot_defaut","rect":[0,24,325,292],"offset":[-4,-11],"originalSize":[333,318],"capInsets":[0,0,0,0]}],[0],0,[0],[1],[39]],[[{"name":"bn_gami_onefarm_background_day","rect":[0,0,1125,2436],"offset":[0,0],"originalSize":[1125,2436],"capInsets":[0,0,0,0]}],[0],0,[0],[1],[40]],[[[0,"CloudAnim",15,10,0.7,2,[{"frame":1.3,"func":"","params":[]}],{"props":{"position":[{"frame":0,"value":[1050,700,0]},{"frame":15,"value":[-1250,700,0]}]}}]],0,0,[],[],[]],[[{"name":"Cu cai_00007","rect":[300,300,300,300],"offset":[0,0],"originalSize":[300,300],"capInsets":[0,0,0,0]}],[0],0,[0],[1],[0]],[[{"name":"Cu cai_00005","rect":[1500,0,300,300],"offset":[0,0],"originalSize":[300,300],"capInsets":[0,0,0,0]}],[0],0,[0],[1],[0]],[[{"name":"progress_bar","rect":[0,0,600,42],"offset":[0,0],"originalSize":[600,42],"capInsets":[22,0,22,0]}],[0],0,[0],[1],[41]]]]