[1,["ecpdLyjvZBwrvm+cedCcQy","f3RdHH1L1MX5ioi2hFW8hp","76u9wKcB5OOIM27QM8DFHL","75VNv+04hJ07u+ay3gUQfx","5fDm4Vm2ZFuoWxGL8T+eyY","63bhAODt1OPZ2tZb70TGVb","01YUYjfyJOWqeeI0mTGidp","71jctjoPVHB7b10FHBshU2","2cKrE3QGlKhLi7PX/shN/k"],["node","_spriteFrame","_N$file","_parent","_textureSetter","root","btnLabel","btn","completedLayout","qualityIcon","icon","qualityValue","title","_N$target","data","_normalMaterial"],[["cc.Node",["_name","_active","_components","_prefab","_contentSize","_trs","_children","_parent","_anchorPoint","_color"],1,9,4,5,7,2,1,5,5],["cc.Widget",["_alignFlags","_originalWidth","_left","_right","_top","_bottom","node"],-3,1],["cc.Layout",["_resize","_N$layoutType","_N$affectedByScale","_N$paddingLeft","_N$paddingRight","_N$paddingTop","_N$paddingBottom","_N$spacingX","_N$spacingY","node","_layoutSize"],-6,1,5],["cc.Label",["_string","_N$verticalAlign","_isSystemFontUsed","_fontSize","_enableWrapText","_N$overflow","_N$horizontalAlign","_lineHeight","node","_materials"],-5,1,3],["cc.Sprite",["_sizeMode","_type","_isTrimmedMode","node","_materials","_spriteFrame"],0,1,3,6],["cc.Node",["_name","_parent","_components","_prefab","_contentSize","_trs","_color"],2,1,12,4,5,7,5],"cc.SpriteFrame",["cc.Prefab",["_name"],2],["cc.Node",["_name","_parent","_components","_prefab","_contentSize","_trs"],2,1,2,4,5,7],["e5148qY529BSJQn8pjdiiUP",["node","title","qualityValue","icon","qualityIcon","completedLayout","btn","btnLabel"],3,1,1,1,1,1,1,1,1],["cc.PrefabInfo",["fileId","root"],2,1],["36d3bCjkGZHWYcsLE8AZD6i",["node"],3,1],["cc.Button",["zoomScale","_N$transition","node","clickEvents","_N$target","_normalMaterial"],1,1,9,1,6],["cc.ClickEvent",["_componentId","handler","target"],1,1]],[[10,0,1,2],[0,0,6,2,3,4,5,2],[5,0,1,2,3,6,4,5,2],[8,0,1,2,3,4,5,2],[1,0,2,3,1,6,5],[1,0,6,2],[4,1,0,3,4,5,3],[4,0,3,4,2],[7,0,2],[0,0,6,2,3,4,8,5,2],[0,0,1,7,6,2,3,4,5,3],[0,0,7,6,2,3,4,5,2],[0,0,7,2,3,4,5,2],[0,0,7,2,3,9,4,5,2],[5,0,1,2,3,4,5,2],[9,0,1,2,3,4,5,6,7,1],[1,0,4,1,6,4],[1,0,5,6,3],[1,0,1,6,3],[4,0,2,3,4,5,3],[2,0,1,3,4,5,6,7,2,9,10,9],[2,0,1,3,4,5,6,2,9,10,8],[2,0,1,7,9,10,4],[2,0,1,8,2,9,10,5],[11,0,1],[12,0,1,2,3,4,5,3],[13,0,1,2,3],[3,0,3,7,4,2,1,5,8,9,8],[3,0,4,2,1,5,8,9,6],[3,0,3,2,6,1,8,9,6],[3,0,6,1,8,9,4]],[[[{"name":"im_24color_gami_checkin_check","rect":[0,12,96,72],"offset":[0,0],"originalSize":[96,96],"capInsets":[0,0,0,0]}],[6],0,[0],[4],[2]],[[[8,"GiftItem"],[1,"GiftItem",[-13,-14],[[15,-9,-8,-7,-6,-5,-4,-3,-2],[4,40,48,48,1000,-10],[6,1,0,-11,[11],12],[20,1,3,36,36,36,24,36,true,-12,[5,1029,228.48000000000002]]],[0,"26BQ70JbxKKrH/BadLuLZB",-1],[5,1029,228.48000000000002],[562.5,0,0,0,0,0,1,1,1,1]],[9,"btn",[-21],[[6,1,0,-15,[5],6],[24,-16],[25,0.9,3,-18,[[26,"e5148qY529BSJQn8pjdiiUP","onBtnActionClick",1]],-17,7],[21,1,1,24,24,24,24,true,-19,[5,212.64,98.4]],[5,32,-20]],[0,"d3dwQswfVIqKz0M5uk9oPR",1],[5,212.64,98.4],[0,1,0.5],[388.5,0,0,0,0,0,1,1,1,1]],[1,"bottomLayout",[-23,-24,2,-25],[[16,40,179.4,200,-22]],[0,"10ytZcE9lGdpyHgb70+orz",1],[5,777,96],[0,-36.24,0,0,0,0,1,1,1,1]],[10,"completed",false,3,[-28,-29],[[22,1,1,12,-26,[5,266.84000000000003,100]],[17,32,24,-27]],[0,"2d6l88jhJKXIgYmCH6TDWI",1],[5,266.84000000000003,100],[255.07999999999998,0,0,0,0,0,1,1,1,1]],[11,"layout",1,[-31,3],[[23,1,2,12,true,-30,[5,777,168.48000000000002]]],[0,"7eacRcKYVK/YKtPxaT32Sn",1],[5,777,168.48000000000002],[90,-6,0,0,0,0,1,1,1,1]],[2,"title",5,[[-32,[18,40,425.9,-33]],1,4],[0,"3ch7kWD+9FuJJKnnNNYDEI",1],[4,4278190080],[5,777,60.480000000000004],[0,54,0,0,0,0,1,1,1,1]],[14,"qualityIcon",3,[[-34,[5,8,-35]],1,4],[0,"aa36L5r/1EgJ5axgOh1a9o",1],[5,48,48],[-364.5,0,0,0,0,0,1,1,1,1]],[2,"qualityValue",3,[[-36,[4,40,60,246,278.24,-37]],1,4],[0,"d5n7xbiENBWYJBBCYYU2Fw",1],[4,4278797443],[5,471,50.4],[-93,0,0,0,0,0,1,1,1,1]],[3,"image",1,[-38],[0,"90oPG4GgNDpb5K2odlVSDv",1],[5,144,144],[-406.5,6.240000000000009,0,0,0,0,1,1,1,1]],[7,0,9,[0]],[27,"Xác thực danh tính",48,48,false,false,1,3,6,[1]],[7,0,7,[2]],[28,"+3 lượt mở quà",false,false,1,2,8,[3]],[3,"Label",2,[-39],[0,"21z3Cb0R1HOZntNf4CqqAV",1],[5,164.64,50.4],[-106.32,0,0,0,0,0,1,1,1,1]],[29,"Sử dụng",42,false,1,1,14,[4]],[12,"sprite",4,[[19,0,false,-40,[8],9]],[0,"e4T2b47EFB9LQPWB9npIJa",1],[5,48,48],[-109.42000000000002,0,0,0,0,0,1,1,1,1]],[13,"label",4,[[30,"Hoàn thành",1,1,-41,[10]]],[0,"5bMkCU/NhC4J3fAPFqQU2k",1],[4,4282170368],[5,206.84,50.4],[29.999999999999986,0,0,0,0,0,1,1,1,1]]],0,[0,5,1,0,6,15,0,7,2,0,8,4,0,9,12,0,10,10,0,11,13,0,12,11,0,0,1,0,0,1,0,0,1,0,0,1,0,-1,9,0,-2,5,0,0,2,0,0,2,0,13,2,0,0,2,0,0,2,0,0,2,0,-1,14,0,0,3,0,-1,7,0,-2,8,0,-4,4,0,0,4,0,0,4,0,-1,16,0,-2,17,0,0,5,0,-1,6,0,-1,11,0,0,6,0,-1,12,0,0,7,0,-1,13,0,0,8,0,-1,10,0,-1,15,0,0,16,0,0,17,0,14,1,2,3,3,3,3,5,41],[0,0,0,0,0,0,0,0,0,0,0,0,0,10,11,12,13,15],[-1,-1,-1,-1,-1,-1,1,15,-1,1,-1,-1,1,1,2,1,2,2],[0,0,0,0,0,0,3,0,0,4,0,0,5,6,1,7,8,1]]]]