[1,["a7OEAzURZAtY8JvqnGjbD1","89EkeLVp9PMpvFpJnQyr9/","92dsgwbxxOp7c8CFERB1FA","47uOX5mNZOP4tJPt57xg5p","b6q/JhvYROboBGT1gTBg70","2aZDHhzltEwKYtjqKjkz9I","23CAFKU2ZGNrbvssCMqzhV","ecpdLyjvZBwrvm+cedCcQy","5fDOGSHiNOaIkoAAQ8o/Ae","0fLDRQIZZM84e09HmAqeO5","7eG7OkzvBCao1NixlrwY48","1bJaCsVS5AbYVNXIBN/q57","faSP8luVdO9pel/8wtkOPq","e8KXJvjzxHj7pgi4Mr/i+W","8e3HsWsRBFdJm/ryuZp2Co","8a9UOzdZ5Jh5H1AiXut+rz","eaclwMbs5LNLjkIJ0qJpt4","172UmztQ5DUK54DuGspsXg","b78nplwURDob3lTWPLCgOy","8fAHfVQapLfqJ9311AbSJK","40jr47A5JM8LbcaA/+16R6","09Znhk1UZKXKQroTIk/mIA","b2y1qYTpdDn4A3En1RitST","3avnOQECdIN5piVmPafcXF","82LcY/uM9C96n9FSM6+Opm"],["value","_textureSetter","node","_defaultClip","root","soil","sholve","data"],["cc.SpriteFrame",["cc.Node",["_name","_parent","_components","_prefab","_contentSize","_trs"],2,1,12,4,5,7],["cc.Widget",["_alignFlags","_right","_originalWidth","_originalHeight","node"],-1,1],["cc.AnimationClip",["_name","_duration","sample","wrapMode","events","curveData"],-2,11],["cc.Prefab",["_name"],2],["cc.Node",["_name","_children","_components","_prefab","_contentSize","_trs"],2,2,9,4,5,7],["6705eTsQEtKvbPYqL7uj9Pv",["node","sholve","soil"],3,1,1,1],["cc.PrefabInfo",["fileId","root"],2,1],["cc.Sprite",["_sizeMode","_isTrimmedMode","node","_materials"],1,1,3],["cc.Animation",["node","_clips"],3,1,3]],[[7,0,1,2],[3,0,1,2,3,4,5,6],[8,0,1,2,3,3],[9,0,1,1],[4,0,2],[5,0,1,2,3,4,5,2],[1,0,1,2,3,4,5,2],[1,0,1,2,3,4,2],[6,0,1,2,1],[2,0,1,4,3],[2,0,2,3,4,4]],[[[{"name":"Xeng_12","rect":[600,900,300,300],"offset":[0,0],"originalSize":[300,300],"capInsets":[0,0,0,0]}],[0],0,[0],[1],[0]],[[[1,"6_soil",1.6,10,2,[{"frame":1.6,"func":"","params":[]}],[{"paths":{}},"comps",11,[{},"cc.Sprite",11,[{},"spriteFrame",12,[[{"frame":0,"value":null},[{"frame":0.5},"value",6,0],[{"frame":0.6},"value",6,1],[{"frame":0.7},"value",6,2],[{"frame":0.8},"value",6,3],[{"frame":0.9},"value",6,4],[{"frame":1.1},"value",6,5],[{"frame":1.2},"value",6,6],[{"frame":1.3},"value",6,7],[{"frame":1.4},"value",6,8],[{"frame":1.5},"value",6,9]],0,11,11,11,11,11,11,11,11,11,11]]]]]],0,0,[0,0,0,0,0,0,0,0,0,0],[0,0,0,0,0,0,0,0,0,0],[2,3,4,5,6,2,3,4,5,6]],[[{"name":"Xeng_08","rect":[300,600,300,300],"offset":[0,0],"originalSize":[300,300],"capInsets":[0,0,0,0]}],[0],0,[0],[1],[0]],[[{"name":"Xeng_02","rect":[300,0,300,300],"offset":[0,0],"originalSize":[300,300],"capInsets":[0,0,0,0]}],[0],0,[0],[1],[0]],[[{"name":"ef_5","rect":[0,900,450,450],"offset":[0,0],"originalSize":[450,450],"capInsets":[0,0,0,0]}],[0],0,[0],[1],[1]],[[{"name":"ef_4","rect":[450,450,450,450],"offset":[0,0],"originalSize":[450,450],"capInsets":[0,0,0,0]}],[0],0,[0],[1],[1]],[[[4,"RemoveTreeAnimUI"],[5,"removeTreeAnimUI",[-5,-6],[[8,-4,-3,-2]],[0,"26BQ70JbxKKrH/BadLuLZB",-1],[5,450,450],[562.5,1200,0,0,0,0,1,1,1,1]],[6,"sholve",1,[[[2,0,false,-7,[0]],[9,33,-84,-8],-9],4,4,1],[0,"33qChBu/BD1pEZOL+RBH0e",1],[5,300,300],[159,75,0,0,0,0,1,1,1,1]],[7,"soil",1,[[[2,0,false,-10,[2]],[10,45,450,450,-11],-12],4,4,1],[0,"f7iHxcOpZNFL6DtT4aqmSv",1],[5,450,450]],[3,2,[1]],[3,3,[3]]],0,[0,4,1,0,5,5,0,6,4,0,2,1,0,-1,2,0,-2,3,0,2,2,0,2,2,0,-3,4,0,2,3,0,2,3,0,-3,5,0,7,1,12],[0,0,0,0,4,5],[-1,-1,-1,-1,3,3],[7,8,7,9,8,9]],[[{"name":"Xeng_14","rect":[300,1200,300,300],"offset":[0,0],"originalSize":[300,300],"capInsets":[0,0,0,0]}],[0],0,[0],[1],[0]],[[{"name":"Xeng_11","rect":[300,900,300,300],"offset":[0,0],"originalSize":[300,300],"capInsets":[0,0,0,0]}],[0],0,[0],[1],[0]],[[{"name":"ef_2","rect":[450,0,450,450],"offset":[0,0],"originalSize":[450,450],"capInsets":[0,0,0,0]}],[0],0,[0],[1],[1]],[[[1,"5_sholve",1.6,10,2,[{"frame":1.6,"func":"","params":[]}],[{"paths":{}},"comps",11,[{},"cc.Sprite",11,[{},"spriteFrame",12,[[[{"frame":0.1},"value",6,0],[{"frame":0.2},"value",6,1],[{"frame":0.3},"value",6,2],[{"frame":0.4},"value",6,3],[{"frame":0.5},"value",6,4],[{"frame":0.6},"value",6,5],[{"frame":0.7},"value",6,6],[{"frame":0.8},"value",6,7],[{"frame":0.9},"value",6,8],[{"frame":1},"value",6,9],[{"frame":1.1},"value",6,10],[{"frame":1.2},"value",6,11],[{"frame":1.3},"value",6,12],[{"frame":1.4},"value",6,13],[{"frame":1.5},"value",6,14]],11,11,11,11,11,11,11,11,11,11,11,11,11,11,11]]]]]],0,0,[0,0,0,0,0,0,0,0,0,0,0,0,0,0,0],[0,0,0,0,0,0,0,0,0,0,0,0,0,0,0],[10,11,12,13,14,15,16,17,18,19,20,21,22,23,24]],[[{"name":"Xeng_01","rect":[0,0,300,300],"offset":[0,0],"originalSize":[300,300],"capInsets":[0,0,0,0]}],[0],0,[0],[1],[0]],[[{"name":"Xeng_15","rect":[600,1200,300,300],"offset":[0,0],"originalSize":[300,300],"capInsets":[0,0,0,0]}],[0],0,[0],[1],[0]],[[{"name":"Xeng_06","rect":[600,300,300,300],"offset":[0,0],"originalSize":[300,300],"capInsets":[0,0,0,0]}],[0],0,[0],[1],[0]],[[{"name":"Xeng_05","rect":[300,300,300,300],"offset":[0,0],"originalSize":[300,300],"capInsets":[0,0,0,0]}],[0],0,[0],[1],[0]],[[{"name":"Xeng_10","rect":[0,900,300,300],"offset":[0,0],"originalSize":[300,300],"capInsets":[0,0,0,0]}],[0],0,[0],[1],[0]],[[{"name":"ef_1","rect":[0,0,450,450],"offset":[0,0],"originalSize":[450,450],"capInsets":[0,0,0,0]}],[0],0,[0],[1],[1]],[[{"name":"Xeng_13","rect":[0,1200,300,300],"offset":[0,0],"originalSize":[300,300],"capInsets":[0,0,0,0]}],[0],0,[0],[1],[0]],[[{"name":"ef_3","rect":[0,450,450,450],"offset":[0,0],"originalSize":[450,450],"capInsets":[0,0,0,0]}],[0],0,[0],[1],[1]],[[{"name":"Xeng_09","rect":[600,600,300,300],"offset":[0,0],"originalSize":[300,300],"capInsets":[0,0,0,0]}],[0],0,[0],[1],[0]],[[{"name":"Xeng_04","rect":[0,300,300,300],"offset":[0,0],"originalSize":[300,300],"capInsets":[0,0,0,0]}],[0],0,[0],[1],[0]],[[{"name":"Xeng_07","rect":[0,600,300,300],"offset":[0,0],"originalSize":[300,300],"capInsets":[0,0,0,0]}],[0],0,[0],[1],[0]],[[{"name":"Xeng_03","rect":[600,0,300,300],"offset":[0,0],"originalSize":[300,300],"capInsets":[0,0,0,0]}],[0],0,[0],[1],[0]]]]