[1,["16A6WJOqxI6ZtJP9DaMx1c","b0JT8OshRLHob6YYfcncBf","ecpdLyjvZBwrvm+cedCcQy","ab7je/8M1H+5sKIXWPlZiy","4ddAbQfPJPOoLBXJV5jFGo","8bpb95dxhFlZMipcubfZIq","87nWPnBsxOA6pXPQpefhK8","a8RSFynIBL+Yqn2FUNKccA","9eeid7hMdAD7jJ4hL6kp5R","479/sAk7tH3KyPTxpDpI8x","dc4u0wXf5G4Jo7baSgQVn6","80/0RAnjBLdLTearygurQg","24TSrr3f1Bzp2sodNl99s8","b5YBZwMP1Ft6ZQQwobczFk","b5601670-30fd-45b7-a650-430a1b733164@6c48a"],["_textureSetter","value","node","_defaultClip","root","water2","water1","bottle","data","_spriteFrame"],["cc.SpriteFrame",["cc.Sprite",["_sizeMode","_isTrimmedMode","node","_materials","_spriteFrame"],1,1,3,6],["cc.AnimationClip",["_name","_duration","sample","wrapMode","events","curveData"],-3],["cc.AnimationClip",["_name","_duration","sample","wrapMode","events","curveData"],-2,11],["cc.Prefab",["_name"],2],["cc.Node",["_name","_children","_components","_prefab","_contentSize","_trs"],2,2,9,4,5,7],["cc.Node",["_name","_parent","_components","_prefab","_contentSize","_trs"],2,1,12,4,5,7],["cc.Widget",["_enabled","_alignFlags","_top","_bottom","_originalWidth","node"],-2,1],["105959OHLBEkY1RdJelS5QC",["node","bottle","water1","water2"],3,1,1,1,1],["cc.PrefabInfo",["fileId","root"],2,1],["cc.Animation",["node","_clips"],3,1,3]],[[9,0,1,2],[6,0,1,2,3,4,5,2],[10,0,1,1],[1,0,1,2,3,3],[2,0,1,2,3,4,5,7],[3,0,1,2,3,4,5,6],[4,0,2],[5,0,1,2,3,4,5,2],[7,0,1,2,3,4,5,6],[8,0,1,2,3,1],[1,0,1,2,3,4,3]],[[[{"name":"GiotNuoc_00009","rect":[1600,0,200,200],"offset":[0,0],"originalSize":[200,200],"capInsets":[0,0,0,0]}],[0],0,[0],[0],[0]],[[{"name":"GiotNuoc_00006","rect":[1000,0,200,200],"offset":[0,0],"originalSize":[200,200],"capInsets":[0,0,0,0]}],[0],0,[0],[0],[0]],[[{"name":"GiotNuoc_00001","rect":[0,0,200,200],"offset":[0,0],"originalSize":[200,200],"capInsets":[0,0,0,0]}],[0],0,[0],[0],[0]],[[{"name":"GiotNuoc_00008","rect":[1400,0,200,200],"offset":[0,0],"originalSize":[200,200],"capInsets":[0,0,0,0]}],[0],0,[0],[0],[0]],[[{"name":"GiotNuoc_00003","rect":[400,0,200,200],"offset":[0,0],"originalSize":[200,200],"capInsets":[0,0,0,0]}],[0],0,[0],[0],[0]],[[{"name":"GiotNuoc_00002","rect":[200,0,200,200],"offset":[0,0],"originalSize":[200,200],"capInsets":[0,0,0,0]}],[0],0,[0],[0],[0]],[[{"name":"GiotNuoc_00005","rect":[800,0,200,200],"offset":[0,0],"originalSize":[200,200],"capInsets":[0,0,0,0]}],[0],0,[0],[0],[0]],[[{"name":"GiotNuoc_00004","rect":[600,0,200,200],"offset":[0,0],"originalSize":[200,200],"capInsets":[0,0,0,0]}],[0],0,[0],[0],[0]],[[[4,"4_bottle",1.4,20,2,[{"frame":1.4,"func":"","params":[]}],{"paths":{},"props":{"angle":[{"frame":0.05,"value":0},{"frame":0.45,"value":30},{"frame":0.95,"value":30},{"frame":1.35,"value":0}],"opacity":[{"frame":0.05,"value":0},{"frame":0.45,"value":255},{"frame":0.95,"value":255},{"frame":1.35,"value":0}]}}]],0,0,[],[],[]],[[[5,"4_water",1.4,20,2,[{"frame":1.4,"func":"","params":[]}],[{},"comps",11,[{},"cc.Sprite",11,[{},"spriteFrame",12,[[{"frame":0.05,"value":null},[{"frame":0.1},"value",6,0],[{"frame":0.15},"value",6,1],[{"frame":0.2},"value",6,2],[{"frame":0.25},"value",6,3],[{"frame":0.3},"value",6,4],[{"frame":0.35},"value",6,5],[{"frame":0.4},"value",6,6],[{"frame":0.45},"value",6,7],[{"frame":0.5},"value",6,8],{"frame":0.55,"value":null}],0,11,11,11,11,11,11,11,11,11,0]]]]]],0,0,[0,0,0,0,0,0,0,0,0],[1,1,1,1,1,1,1,1,1],[4,5,6,7,8,9,10,11,12]],[[{"name":"waterBottle","rect":[17,38,175,117],"offset":[8.5,-0.5],"originalSize":[192,192],"capInsets":[0,0,0,0]}],[0],0,[0],[0],[13]],[[[6,"WaterBoostUI"],[7,"WaterBoostUI",[-7,-8,-9],[[8,false,18,618,-618,1125,-2],[9,-6,-5,-4,-3]],[0,"26BQ70JbxKKrH/BadLuLZB",-1],[5,1125,0],[562.5,1200,0,0,0,0,1,1,1,1]],[1,"bottle",1,[[[10,2,false,-10,[0],1],-11],4,1],[0,"56tIjQZB1HzLwz5KZydhIl",1],[5,192,192],[184.356,376.599,0,0,0,0,1,0.8,0.8,1]],[1,"giotnuoc",1,[[[3,0,false,-12,[3]],-13],4,1],[0,"1fGjjUjaFKpKtbBQeEjoNV",1],[5,96,96],[80.053,331.11,0,0,0,0,1,1,1,1]],[1,"giotnuoc2",1,[[[3,0,false,-14,[5]],-15],4,1],[0,"0a9oVGU05IoKsVclPoTFzQ",1],[5,96,96],[80.053,331.11,0,0,0,0,1,1,1,1]],[2,2,[2]],[2,3,[4]],[2,4,[6]]],0,[0,4,1,0,2,1,0,5,7,0,6,6,0,7,5,0,2,1,0,-1,2,0,-2,3,0,-3,4,0,2,2,0,-2,5,0,2,3,0,-2,6,0,2,4,0,-2,7,0,8,1,15],[0,0,0,0,0,0,0,5,6,7],[-1,9,-1,-1,-1,-1,-1,3,3,3],[2,14,3,2,1,2,1,3,1,1]],[[{"name":"GiotNuoc_00007","rect":[1200,0,200,200],"offset":[0,0],"originalSize":[200,200],"capInsets":[0,0,0,0]}],[0],0,[0],[0],[0]]]]