[1,["ecpdLyjvZBwrvm+cedCcQy","19I8hXe29LmoEHCiCqHGAJ","bb0WEpyPlOsp+W4K/+DWbT","97243e5b-17bc-46f4-9764-8d015bff1975@6c48a","daVpESyYVE5oQL0DnzXJr5","2cKrE3QGlKhLi7PX/shN/k","e97GVMl6JHh5Ml5qEDdSGa","f0BIwQ8D5Ml7nTNQbh1YlS","29FYIk+N1GYaeWH/q1NxQO"],["node","_spriteFrame","_textureSetter","root","button","label","data","_parent","_N$file","_normalMaterial","_N$normalSprite","_N$pressedSprite","_N$hoverSprite","_N$disabledSprite"],[["cc.Node",["_name","_opacity","_components","_prefab","_contentSize","_children","_parent","_trs","_color"],1,9,4,5,2,1,7,5],["cc.Widget",["_alignFlags","_originalWidth","_originalHeight","_bottom","_left","_right","_top","node"],-4,1],["cc.Sprite",["_sizeMode","_srcBlendFactor","_dstBlendFactor","_isTrimmedMode","_type","node","_materials","_spriteFrame"],-2,1,3,6],["cc.Node",["_name","_components","_prefab","_contentSize","_children","_parent"],2,12,4,5,2,1],["cc.Button",["zoomScale","_N$enableAutoGrayEffect","_N$transition","node","clickEvents","_N$normalColor","_N$pressedColor","_N$disabledColor","_N$target"],0,1,9,5,5,5,1],"cc.SpriteFrame",["cc.Prefab",["_name"],2],["9fbc6UqVZ1I1J9Kf7iV4gHW",["node"],3,1],["cc.PrefabInfo",["fileId","root"],2,1],["cc.ClickEvent",["_componentId","handler","target"],1,1],["cc.BlockInputEvents",["node"],3,1],["36d3bCjkGZHWYcsLE8AZD6i",["node"],3,1],["b6163IVQblAPY4NrE/ZIg+9",["countdown","node","label","button"],2,1,1,1],["cc.Label",["_string","_fontSize","_enableWrapText","_isSystemFontUsed","_N$horizontalAlign","_N$verticalAlign","_N$overflow","node","_materials"],-4,1,3]],[[8,0,1,2],[1,0,1,2,7,4],[9,0,1,2,3],[6,0,2],[0,0,5,2,3,4,7,2],[0,0,1,6,2,3,4,3],[0,0,6,5,2,3,8,4,2],[0,0,6,5,2,3,4,2],[0,0,6,5,2,3,4,7,2],[3,0,4,1,2,3,2],[3,0,5,1,2,3,2],[1,0,7,2],[1,0,4,5,3,1,7,6],[1,0,6,3,1,2,7,6],[7,0,1],[2,1,2,0,3,5,6,7,5],[2,4,0,5,6,7,3],[2,0,5,6,7,2],[4,3,4,1],[4,0,1,2,3,4,5,6,7,8,4],[10,0,1],[11,0,1],[12,0,1,2,3,2],[13,0,1,2,3,4,5,6,7,8,8]],[[[{"name":"bn_gami_onefarm_onboard_guideuser","rect":[0,0,909,1440],"offset":[0,0],"originalSize":[909,1440],"capInsets":[0,0,0,0]}],[5],0,[0],[2],[2]],[[[3,"OnboardUI"],[4,"prefabOnBoard",[-4,-5],[[1,45,100,100,-2],[14,-3]],[0,"06MVkym15A64rDZlBAEthm",-1],[5,1125,2436],[562.5,1218,0,0,0,0,1,1,1,1]],[5,"background",200,1,[[15,2,4,0,false,-6,[0],1],[1,45,100,100,-7],[18,-8,[[2,"0f52akxm05FmqzU8Kd2CjBb","outsideClick",1]]],[20,-9]],[0,"f9zQaERs9BS5WvKxERNjqv",1],[5,1125,2436]],[9,"button",[-13],[[-10,[1,45,1125,144,-11],[21,-12]],1,4,4],[0,"82lVeBA1RLsKK6xIQx2otw",1],[5,813,144]],[6,"Background",3,[-16],[[16,1,0,-14,[3],4],[1,45,789,144,-15]],[0,"77BEEMVWlImL10uYgJ97J/",1],[4,4293322470],[5,813,144]],[7,"body",1,[-19],[[17,0,-17,[5],6],[11,18,-18]],[0,"09IMdqb2xEE7G9MAZL/Ofk",1],[5,909,1440]],[8,"prefabBtnCountdown",5,[3],[[22,3,-22,-21,-20],[12,44,48,48,60,1125,-23]],[0,"d2Y0G6umRCYLfLofm+Qwdk",1],[5,813,144],[0,-588,0,0,0,0,1,1,1,1]],[10,"Label",4,[[-24,[13,45,-13.199999999999989,-13.199999999999989,100,40,-25]],1,4],[0,"efzTsEHdpHzJRuQWLLWRIR",1],[5,813,170.39999999999998]],[23,"Bắt đầu chơi",48,false,false,1,1,2,7,[2]],[19,0.85,true,3,3,[[2,"9fbc6UqVZ1I1J9Kf7iV4gHW","onbuttonClick",1]],[4,4293322470],[4,4291348680],[4,3363338360],4]],0,[0,3,1,0,0,1,0,0,1,0,-1,2,0,-2,5,0,0,2,0,0,2,0,0,2,0,0,2,0,-1,9,0,0,3,0,0,3,0,-1,4,0,0,4,0,0,4,0,-1,7,0,0,5,0,0,5,0,-1,6,0,4,9,0,5,8,0,0,6,0,0,6,0,-1,8,0,0,7,0,6,1,3,7,6,25],[0,0,0,0,0,0,0,8,9,9,9,9,9],[-1,1,-1,-1,1,-1,1,8,9,10,11,12,13],[0,3,0,0,1,0,4,5,0,1,6,7,8]]]]