[1,["ecpdLyjvZBwrvm+cedCcQy","2cKrE3QGlKhLi7PX/shN/k","4aA34yUuFMWKs6xP0y/N6c","f3RdHH1L1MX5ioi2hFW8hp","94yjQZJQ9KAb2x+Os8kDX5","04YXd2fCNBc5udqHTM/Ow0","0cI2GJC05MrIdBZWvCFDjd","37ThhqGXlHRIAQ8su8VCtm","9fA0pc+U9BcrubT9+Pbdkv","85J0FXJDFCEJ+/vPTbNFSb","4bNnhIFoNEVqiedlzwfUWf","caUER10bBJpprwdube7e6f","45D4jfbKJM8I71hw+CoUc4","05TL6I4vhNJrDd0Q0YCBLZ","bcS0GD5x9CEbIxr1MekGck","bbS855BWVFBo61XFC492Wf","ebhk2uNHlHR40FbYLNakdj","e5Vc6uM2hLnoZ8OnwK3f3A"],["node","_textureSetter","root","_spriteFrame","_N$file","checked","pgLabel","pg","title","icon","data","iconSilver","iconGold","iconDiamon"],[["cc.Widget",["_alignFlags","_right","_left","_originalWidth","_bottom","_originalHeight","_top","node"],-4,1],"cc.SpriteFrame",["cc.Node",["_name","_active","_components","_prefab","_contentSize","_trs","_parent","_children","_anchorPoint","_color"],1,9,4,5,7,1,2,5,5],["cc.Node",["_name","_parent","_components","_prefab","_contentSize","_trs","_children","_color","_anchorPoint"],2,1,12,4,5,7,2,5,5],["cc.Sprite",["_sizeMode","_isTrimmedMode","_type","node","_materials","_spriteFrame"],0,1,3,6],["cc.Label",["_string","_fontSize","_isSystemFontUsed","_N$verticalAlign","_lineHeight","_N$horizontalAlign","_N$overflow","node","_materials","_N$file"],-4,1,3,6],["cc.PrefabInfo",["fileId","root","asset"],2,1,1],["cc.Prefab",["_name"],2],["cc.BlockInputEvents",["node"],3,1],["1751424XkdMbbvqQ2MVvD1P",["node","icon","title","pg","pgLabel","checked","iconSilver","iconGold","iconDiamon"],3,1,1,1,1,1,1,6,6,6],["cc.Layout",["_resize","_N$layoutType","_N$spacingX","node","_layoutSize"],0,1,5],["cc.ProgressBar",["_N$totalLength","_N$progress","node","_N$barSprite"],1,1,1]],[[6,0,1,2],[6,0,1,2,2],[0,0,7,2],[2,0,6,2,3,4,5,2],[2,0,6,2,3,9,4,5,2],[0,0,2,1,6,3,7,6],[4,2,0,3,4,5,3],[7,0,2],[2,0,7,2,3,4,5,2],[2,0,1,6,7,2,3,4,8,5,3],[2,0,6,2,3,4,2],[3,0,1,6,2,3,4,5,2],[3,0,1,2,3,4,2],[3,0,1,2,3,7,4,5,2],[3,0,1,2,3,4,5,2],[3,0,1,2,3,4,8,5,2],[0,0,2,1,3,7,5],[0,0,1,4,7,4],[0,0,1,6,4,5,7,6],[0,0,3,5,7,4],[0,0,2,6,4,5,7,6],[0,0,5,7,3],[0,0,2,1,4,3,7,6],[8,0,1],[9,0,1,2,3,4,5,6,7,8,1],[6,1,2,1],[4,0,1,3,4,5,3],[4,3,4,5,1],[4,0,1,3,4,3],[4,2,0,1,3,4,4],[10,0,1,2,3,4,4],[5,0,1,2,5,3,7,8,9,6],[5,0,1,4,2,3,7,8,9,6],[5,0,1,4,2,3,6,7,8,7],[5,0,1,4,2,5,3,7,8,7],[11,0,1,2,3,3]],[[[{"name":"im_24color_gami_checkin_check","rect":[0,6,48,36],"offset":[0,0],"originalSize":[48,48],"capInsets":[0,0,0,0]}],[1],0,[0],[1],[4]],[[{"name":"bg_progress_track","rect":[0,0,759,48],"offset":[0,0],"originalSize":[759,48],"capInsets":[16,0,16,0]}],[1],0,[0],[1],[5]],[[{"name":"ic_48service_voucher_cate_badge_silver","rect":[0,0,138,138],"offset":[0,0],"originalSize":[138,138],"capInsets":[0,0,0,0]}],[1],0,[0],[1],[6]],[[{"name":"ic_48service_voucher_cate_badge_platinum","rect":[0,0,138,138],"offset":[0,0],"originalSize":[138,138],"capInsets":[0,0,0,0]}],[1],0,[0],[1],[7]],[[{"name":"ic_48service_voucher_cate_badge_gold","rect":[0,0,138,138],"offset":[0,0],"originalSize":[138,138],"capInsets":[0,0,0,0]}],[1],0,[0],[1],[8]],[[{"name":"im_80color_vpoint","rect":[5,5,62,62],"offset":[0,0],"originalSize":[72,72],"capInsets":[0,0,0,0]}],[1],0,[0],[1],[9]],[[[7,"TierSlotItemUI"],[8,"TierSlotItemUI",[-10,-11,-12,-13,-14,-15],[[16,40,48,48,1125,-2],[23,-3],[24,-9,-8,-7,-6,-5,-4,16,17,18]],[25,-1,0],[5,1029,336],[562.5,0,0,0,0,0,1,1,1,1]],[11,"progressBar",1,[-20,-21,-22],[[[6,1,0,-17,[8],9],-18,[5,41,216,48,132,300,-19]],4,1,4],[0,"2da75XB3JDpaZr6Khe2CMH",-16],[5,765,48],[84,12,0,0,0,0,1,1,1,1]],[9,"layout",false,1,[-26,-27],[[30,1,1,12,-24,[5,167.6,48]],[17,36,36,48,-25]],[0,"35ldNZdxRIBpledIWvk+Ob",-23],[5,167.6,48],[0,1,1],[478.5,-72,0,0,0,0,1,1,1,1]],[3,"icon",2,[[26,0,false,-29,[5],6],[18,37,-12,-7,-7,62,-30]],[0,"96RLV48q5II5hsbgfIFv1k",-28],[5,62,62],[363.5,0,0,0,0,0,1,1,1,1]],[12,"label",2,[[-32,[2,18,-33]],1,4],[0,"80t1jaDktIBrRCiFcejHxy",-31],[5,203.44,45.36]],[3,"sprite",3,[[27,-35,[12],13],[2,2,-36]],[0,"f1NMQwNYVCQahxm7z+Hu5i",-34],[5,48,36],[-143.6,-24,0,0,0,0,1,1,1,1]],[4,"label",3,[[31,"Đã mở",36,false,1,1,-38,[14],15],[2,2,-39]],[0,"f06QYt2DFKToIPbLEgMXsv",-37],[4,4282170368],[5,107.6,50.4],[-53.8,-24,0,0,0,0,1,1,1,1]],[10,"bg",1,[[6,1,0,-40,[0],1],[19,45,40,36,-41]],[1,"46lZ/U7v9JVL49FKH+yC0a",1,0],[5,1029,336]],[13,"title",1,[[-42,[5,41,216,48,36,263.52,-43]],1,4],[1,"04TPxmbPFAc4iaQYdK6wZl",1,0],[4,4278190080],[5,765,60.480000000000004],[84,101.75999999999999,0,0,0,0,1,1,1,1]],[14,"icon",1,[[-44,[20,13,36,99,99,36,-45]],1,4],[1,"57UsuSguRHTKXEc69cNdUL",1,0],[5,138,138],[-409.5,0,0,0,0,0,1,1,1,1]],[15,"bar",2,[[-46,[21,13,48,-47]],1,4],[0,"38d28QPqAdC1L4aQLAAwhV2",2],[5,306,48],[0,0,0.5],[-382.5,0,0,0,0,0,1,1,1,1]],[4,"description",1,[[32,"Để nhận thêm 01 ô đất",42,42,false,1,-48,[10],11],[22,12,216,234.795,48,391.41,-49]],[1,"4eMkMD1n5IKZfmKKXkIUbx",1,0],[4,4278797443],[5,438.44,52.92],[-79.28,-93.53999999999999,0,0,0,0,1,1,1,1]],[33,"Nâng cấp lên hạng Bạc",48,48,false,1,3,9,[2]],[28,0,false,10,[3]],[29,1,0,false,11,[4]],[34,"1,000/1,000",36,36,false,1,1,5,[7]],[35,765,0.4,2,15]],0,[0,2,1,0,0,1,0,0,1,0,5,3,0,6,16,0,7,17,0,8,13,0,9,14,0,0,1,0,-1,8,0,-2,9,0,-3,10,0,-4,2,0,-5,12,0,-6,3,0,2,2,0,0,2,0,-2,17,0,0,2,0,-1,11,0,-2,4,0,-3,5,0,2,3,0,0,3,0,0,3,0,-1,6,0,-2,7,0,2,4,0,0,4,0,0,4,0,2,5,0,-1,16,0,0,5,0,2,6,0,0,6,0,0,6,0,2,7,0,0,7,0,0,7,0,0,8,0,0,8,0,-1,13,0,0,9,0,-1,14,0,0,10,0,-1,15,0,0,11,0,0,12,0,0,12,0,10,1,49],[0,0,0,0,0,0,0,0,0,0,0,0,0,0,0,0,0,0,0,13,14,15,16],[-1,3,-1,-1,-1,-1,3,-1,-1,3,-1,4,-1,3,-1,4,11,12,13,4,3,3,4],[0,10,0,0,0,0,11,0,0,12,0,1,0,13,0,1,2,14,15,3,2,16,3]],[[{"name":"bg_progress_indicator","rect":[0,0,759,48],"offset":[0,0],"originalSize":[759,48],"capInsets":[16,0,16,0]}],[1],0,[0],[1],[17]]]]