[1,["192xDZuvFEQo0Y505QVbGU","11gERTAwpDnJcIsk+soFSQ","68LK9Knd1PKYkv7nH2Hwno"],["_textureSetter"],["cc.SpriteFrame"],0,[[[{"name":"flare_3","rect":[66,70,335,335],"offset":[0.5,-4.5],"originalSize":[466,466],"capInsets":[0,0,0,0]}],[0],0,[0],[0],[0]],[[{"name":"flare_2","rect":[7,7,451,452],"offset":[-0.5,0],"originalSize":[466,466],"capInsets":[0,0,0,0]}],[0],0,[0],[0],[1]],[[{"name":"flare_1","rect":[19,10,440,446],"offset":[6,0],"originalSize":[466,466],"capInsets":[0,0,0,0]}],[0],0,[0],[0],[2]]]]