[1,["ecpdLyjvZBwrvm+cedCcQy","79/Ro6h+1M9b4PfHONuAYx","df+lmAS2BBMZdAxXHmnWbI","43/Zirn41GiYOYuRTXBF5Q","86UG0yUOZB6rxOCykOoSOG","b1v9NvfhtNyY0F5O0A+irX","6aN1/YpdlMCI+HgzE/itwF","e6rULIrOpIFY9bXxneKMRZ","06CmT9lIBBeZbgZ92thvAc","4aECYjkuNMjr/COatIiXwI","c18+64YK9L0ZQ8FaAKkUda","4f0LSLs2dLjKlPlNLJT7YW","6bwFL/uYdK4qnesYA6GymU","4eX7dyNiRNxrtj8FCKAJLe"],["value","node","root","data","_spriteFrame","_defaultClip"],[["cc.Node",["_name","_active","_components","_prefab","_contentSize","_parent","_children","_trs"],1,9,4,5,1,2,7],["cc.Widget",["_alignFlags","_originalWidth","_originalHeight","node"],0,1],["cc.Sprite",["_sizeMode","node","_materials","_spriteFrame"],2,1,3,6],["cc.Prefab",["_name"],2],["cc.PrefabInfo",["fileId","root"],2,1],["cc.Animation",["playOnLoad","node","_clips","_defaultClip"],2,1,3,6],["cc.Label",["_string","_N$horizontalAlign","_N$verticalAlign","node","_materials"],0,1,3],["cc.AnimationClip",["_name","_duration","sample","speed","wrapMode","curveData"],-2,11]],[[4,0,1,2],[3,0,2],[0,0,6,2,3,4,7,2],[0,0,5,6,2,3,4,2],[0,0,5,2,3,4,7,2],[0,0,1,5,2,3,4,3],[1,0,1,3,3],[1,0,1,2,3,4],[2,0,1,2,2],[2,1,2,3,1],[5,0,1,2,3,2],[6,0,1,2,3,4,4],[7,0,1,2,3,4,5,6]],[[[[1,"LoadingUI"],[2,"prefabLoadingUI",[-3],[[6,45,1125,-2]],[0,"26BQ70JbxKKrH/BadLuLZB",-1],[5,1125,2436],[562.5,1218,0,0,0,0,1,1,1,1]],[3,"sprite",1,[-6,-7],[[8,0,-4,[5]],[7,45,40,36,-5]],[0,"75RFm44xFJ7Z9hbZqWI1ER",1],[5,1125,2436]],[4,"sprite",2,[[9,-8,[0],1],[10,true,-9,[3],2]],[0,"4cxU2LzcpJ2omJZiG796BU",1],[5,500,500],[0,100,0,0,0,0,1,1,1,1]],[5,"label",false,2,[[11,"Loading",1,1,-10,[4]]],[0,"73d4k48pxPzrWoHxOn5oI+",1],[5,142.36,50.4]]],0,[0,2,1,0,1,1,0,-1,2,0,1,2,0,1,2,0,-1,3,0,-2,4,0,1,3,0,1,3,0,1,4,0,3,1,10],[0,0,0,0,0,0],[-1,4,5,-1,-1,-1],[0,1,2,2,0,0]],[[[12,"LoadingAnim",0.6,20,0.7,2,[{"paths":{}},"comps",11,[{},"cc.Sprite",11,[{},"spriteFrame",12,[[[{"frame":0},"value",6,0],[{"frame":0.05},"value",6,1],[{"frame":0.1},"value",6,2],[{"frame":0.15},"value",6,3],[{"frame":0.2},"value",6,4],[{"frame":0.25},"value",6,5],[{"frame":0.3},"value",6,6],[{"frame":0.35},"value",6,7],[{"frame":0.4},"value",6,8],[{"frame":0.45},"value",6,9],[{"frame":0.5},"value",6,10],[{"frame":0.55},"value",6,11]],11,11,11,11,11,11,11,11,11,11,11,11]]]]]],0,0,[0,0,0,0,0,0,0,0,0,0,0,0],[0,0,0,0,0,0,0,0,0,0,0,0],[1,3,4,5,6,7,8,9,10,11,12,13]]]]