[1,["ecpdLyjvZBwrvm+cedCcQy","f3RdHH1L1MX5ioi2hFW8hp","4aD4L7Og5FYZrmwmzw+DkZ","97243e5b-17bc-46f4-9764-8d015bff1975@6c48a","59ma3JuYxFNJabVEErhOcH","20Dwz5rKFAQIuJJusm/zEo","2ff5yCHF5LvrPpFwYHEAoj","acJ30Ds+lIj6Nt5Q+ULkxi","40iUhHVIBMgYRbwrOlw2/t","79RkW1WVlGipwIX1iGiKhe","2cKrE3QGlKhLi7PX/shN/k","19I8hXe29LmoEHCiCqHGAJ","c0pat0705JR7axzPQnrKqL","15h4xcl4JOqZWQZ6k5C9/C"],["node","_spriteFrame","_N$file","_normalMaterial","_N$target","_parent","_textureSetter","root","target","data"],[["cc.Widget",["_alignFlags","_name","_originalWidth","_top","_originalHeight","_bottom","_left","_verticalCenter","alignMode","node"],-6,1],["cc.Node",["_name","_opacity","_components","_prefab","_contentSize","_trs","_parent","_children","_color","_anchorPoint"],1,9,4,5,7,1,2,5,5],["cc.Sprite",["_sizeMode","_type","_name","node","_materials","_spriteFrame"],0,1,3,6],["36d3bCjkGZHWYcsLE8AZD6i",["isPreventSecondClick","node"],2,1],["cc.Button",["zoomScale","_N$transition","node","clickEvents","_normalMaterial","_N$target"],1,1,9,6,1],["cc.Label",["_string","_fontSize","_lineHeight","_isSystemFontUsed","_N$horizontalAlign","_N$verticalAlign","_N$overflow","node","_materials","_N$file"],-4,1,3,6],"cc.SpriteFrame",["cc.Prefab",["_name"],2],["cc.BlockInputEvents",["node"],3,1],["e455eWQ0kRMB42wSwYjLUuD",["node"],3,1],["cc.PrefabInfo",["fileId","root"],2,1],["cc.ClickEvent",["_componentId","handler","target"],1,1],["2353b8ir09Ng5xwL5NhFFOI",["node"],3,1],["cc.Layout",["node","_layoutSize"],3,1,5],["cc.Animation",["_name","_enabled","playOnLoad","node","_clips"],0,1,3],["cc.LabelOutline",["_width","node","_color"],2,1,5]],[[10,0,1,2],[1,0,6,7,2,3,4,5,2],[0,0,5,9,3],[2,3,4,5,1],[0,0,9,2],[1,0,6,2,3,4,5,2],[1,0,6,2,3,4,2],[11,0,1,2,3],[5,0,1,2,3,4,5,7,8,9,7],[1,0,7,2,3,4,5,2],[1,0,6,2,3,8,4,5,2],[8,0,1],[2,0,3,4,5,2],[3,0,1,2],[4,0,1,2,3,5,4,3],[13,0,1,1],[5,0,1,2,3,4,5,6,7,8,9,8],[7,0,2],[1,0,7,2,3,4,9,5,2],[1,0,1,6,2,3,4,3],[1,0,1,6,2,3,8,4,5,3],[0,1,0,2,4,9,5],[0,0,6,3,9,4],[0,0,6,5,7,9,5],[0,0,3,9,3],[0,1,0,3,9,4],[0,1,8,0,2,4,9,6],[0,0,2,9,3],[9,0,1],[2,1,0,3,4,3],[2,1,0,3,4,5,3],[2,2,0,3,4,5,3],[3,1,1],[4,0,1,2,3,4,3],[12,0,1],[14,0,1,2,3,4,4],[15,0,1,2,2]],[[[{"name":"ic_24system_arrow_swipe_right_ink1","rect":[6,19,60,34],"offset":[0,0],"originalSize":[72,72],"capInsets":[0,0,0,0]}],[6],0,[0],[6],[2]],[[[17,"TreeLevelupTutorialUI"],[9,"detailUI",[-5,-6,-7],[[21,"balance<Widget>",45,100,100,-2],[11,-3],[28,-4]],[0,"26BQ70JbxKKrH/BadLuLZB",-1],[5,1125,2436],[562.5,1218,0,0,0,0,1,1,1,1]],[9,"body",[-10,-11,-12,-13],[[29,1,0,-8,[28]],[4,4,-9]],[0,"fbI2ROo3RBAq9GLzPue1zh",1],[5,1125,1128],[0,-96,0,0,0,0,1,1,1,1]],[1,"btn",2,[-19],[[3,-14,[25],26],[2,4,100,-15],[13,true,-16],[14,0.95,3,-18,[[7,"e455eWQ0kRMB42wSwYjLUuD","hidePopup",1]],-17,27]],[0,"7f+j8zdGJFApT9mTSo8Qlp",1],[5,789,144],[0,-392,0,0,0,0,1,1,1,1]],[5,"SkipTutorialUI",1,[[3,-20,[30],31],[34,-21],[22,9,24,90,-22],[32,-23],[33,0.9,3,-25,[[7,"2353b8ir09Ng5xwL5NhFFOI","skipTutorial",-24]],32]],[0,"30jCKSrwhL8Z9zbwEdQyco",1],[5,429,96],[-324,1080,0,0,0,0,1,1,1,1]],[18,"header",[-29,-30],[[30,1,0,-26,[7],8],[15,-27,[5,1125,223.36]],[2,4,1128,-28]],[0,"29RVy4VRVIV789z04r3/ls",1],[5,1125,223.36],[0,0.5,0.37],[0,550.6432,0,0,0,0,1,1,1,1]],[5,"back",5,[[12,0,-31,[2],3],[14,0.9,3,-33,[[7,"e455eWQ0kRMB42wSwYjLUuD","hidePopup",1]],-32,4],[23,12,24,36,36,-34],[13,true,-35]],[0,"f8FgUNqfRBbII8Xvlfb6jI",1],[5,120,120],[-478.5,13.356799999999993,0,0,0,0,1,1,1,1]],[1,"Layout",2,[-38,-39,-40],[[15,-36,[5,1125,332]],[24,1,115.964,-37]],[0,"8cVkl5l1dBEIUkfRuVPKcE",1],[5,1125,332],[0,282.036,0,0,0,0,1,1,1,1]],[1,"main",1,[5,2],[[25,"main<Widget>",44,1433.25,-41],[35,"main<Animation>",false,true,-42,[29]]],[0,"b0d/7sNv9GvpwYmiXzP+3C",1],[5,1125,1320],[0,-558,0,0,0,0,1,1,1,1]],[19,"bg",200,1,[[31,"bg<Sprite>",0,-43,[0],1],[26,"bg<Widget>",2,45,100,100,-44],[11,-45]],[0,"64P9L+oANBrK0H4XsEBrqE",1],[5,1125,2436]],[5,"title",5,[[8,"Cây đã tăng cấp",60,84,false,1,1,-46,[5],6],[2,4,12,-47],[36,4,-48,[4,4278526072]]],[0,"47CiMU/kxENrP+VMyTf70V",1],[5,463.64,113.84],[0,-13.723200000000006,0,0,0,0,1,1,1,1]],[1,"bn_gami_onefarm_stage1",7,[-51],[[3,-49,[13],14],[4,4,-50]],[0,"cdIxY6zkJAD6YyLyJOna64",1],[5,465,594],[-258.348,131,0,0,0,0,1,1,1,1]],[1,"bn_gami_onefarm_stage2",7,[-54],[[3,-52,[19],20],[4,4,-53]],[0,"e4zF/4p9FJb72qY0jgTPFf",1],[5,465,594],[282.505,131,0,0,0,0,1,1,1,1]],[6,"bg",2,[[12,0,-55,[9],10],[27,44,1125,-56]],[0,"03kduUXXJJSbT0XcT6pStU",1],[5,1125,1128]],[10,"label",11,[[8,"Cấp 1",42,42,false,1,1,-57,[11],12],[2,4,-90,-58]],[0,"07Hg1xDSVLGJ1WfogRUgg/",1],[4,4280967595],[5,114.66,52.92],[0,-360.54,0,0,0,0,1,1,1,1]],[6,"ic_24system_arrow_swipe_right_ink1",7,[[3,-59,[15],16],[4,18,-60]],[0,"479C8+Qp1K+aKZhe7zDN9a",1],[5,60,34]],[10,"label",12,[[8,"Cấp 2",42,42,false,1,1,-61,[17],18],[2,4,-90,-62]],[0,"bdGFsNKFtJypFz0Pwrvmek",1],[4,4280967595],[5,114.66,52.92],[0,-360.54,0,0,0,0,1,1,1,1]],[20,"label",204,2,[[16,"Tất cả là nhờ công chăm bón mỗi ngày của bạn.\nNgày thu hoạch không còn xa, cố lên bạn ơi!",48,60,false,1,1,3,-63,[21],22]],[0,"81TYNzRXtLt4bi50JObmJr",1],[4,4278190080],[5,1125,135.6],[0,-107.911,0,0,0,0,1,1,1,1]],[6,"label",3,[[16,"Tiếp tục chăm cây",48,60,false,1,1,3,-64,[23],24]],[0,"c7YcCgLFlD7JyuEIBSzPtY",1],[5,1125,75.6]]],0,[0,7,1,0,0,1,0,0,1,0,0,1,0,-1,9,0,-2,8,0,-3,4,0,0,2,0,0,2,0,-1,13,0,-2,7,0,-3,17,0,-4,3,0,0,3,0,0,3,0,0,3,0,4,3,0,0,3,0,-1,18,0,0,4,0,0,4,0,0,4,0,0,4,0,8,4,0,0,4,0,0,5,0,0,5,0,0,5,0,-1,6,0,-2,10,0,0,6,0,4,6,0,0,6,0,0,6,0,0,6,0,0,7,0,0,7,0,-1,11,0,-2,15,0,-3,12,0,0,8,0,0,8,0,0,9,0,0,9,0,0,9,0,0,10,0,0,10,0,0,10,0,0,11,0,0,11,0,-1,14,0,0,12,0,0,12,0,-1,16,0,0,13,0,0,13,0,0,14,0,0,14,0,0,15,0,0,15,0,0,16,0,0,16,0,0,17,0,0,18,0,9,1,2,5,8,5,5,8,64],[0,0,0,0,0,0,0,0,0,0,0,0,0,0,0,0,0,0,0,0,0,0,0,0,0,0,0,0,0,0,0,0,0],[-1,1,-1,1,3,-1,2,-1,1,-1,1,-1,2,-1,1,-1,1,-1,2,-1,1,-1,2,-1,2,-1,1,3,-1,-1,-1,1,3],[0,3,0,4,0,0,1,0,5,0,6,0,1,0,7,0,8,0,1,0,9,0,10,0,1,0,11,0,0,12,0,13,0]]]]