[1,["ecpdLyjvZBwrvm+cedCcQy","f3RdHH1L1MX5ioi2hFW8hp","2cKrE3QGlKhLi7PX/shN/k","9cIOj0SOJNgqUldGGWX1Vy","9aE06HeNBB2pgHa/YBcX9t","75VNv+04hJ07u+ay3gUQfx","4bNnhIFoNEVqiedlzwfUWf","01YUYjfyJOWqeeI0mTGidp","5b7Whgj91JuKGDLyHBq8CO"],["node","_spriteFrame","_N$file","_parent","_N$target","_normalMaterial","root","btnNotHas","btnHas","quantityLabel","quantityLayout","description","title","icon","data","_textureSetter"],[["cc.Node",["_name","_active","_prefab","_contentSize","_components","_parent","_children","_trs","_color"],1,4,5,9,1,2,7,5],["cc.Widget",["_alignFlags","_originalWidth","_left","_right","_originalHeight","_bottom","node"],-3,1],["cc.Sprite",["_sizeMode","_type","_isTrimmedMode","node","_materials","_spriteFrame"],0,1,3,6],["cc.Label",["_string","_fontSize","_isSystemFontUsed","_N$overflow","_N$verticalAlign","_N$horizontalAlign","_lineHeight","_enableWrapText","node","_materials","_N$file"],-5,1,3,6],["cc.Node",["_name","_parent","_components","_prefab","_contentSize","_trs","_color"],2,1,12,4,5,7,5],["cc.Layout",["_resize","_N$layoutType","_N$spacingY","_N$verticalDirection","_N$paddingBottom","node","_layoutSize"],-2,1,5],"cc.SpriteFrame",["cc.Prefab",["_name"],2],["cc.Node",["_name","_parent","_children","_components","_prefab","_contentSize","_trs"],2,1,12,9,4,5,7],["4c4d8pfVqlJqabZoOYrh+N+",["node","icon","title","description","quantityLayout","quantityLabel","btnHas","btnNotHas"],3,1,1,1,1,1,1,1,1],["cc.PrefabInfo",["fileId","root"],2,1],["36d3bCjkGZHWYcsLE8AZD6i",["node"],3,1],["cc.Button",["zoomScale","_N$transition","node","clickEvents","_N$target","_normalMaterial"],1,1,9,1,6],["cc.ClickEvent",["_componentId","handler","target"],1,1]],[[10,0,1,2],[1,0,1,4,6,4],[0,0,6,4,2,3,2],[0,0,5,2,3,7,2],[0,0,5,6,4,2,3,7,2],[4,0,1,2,3,6,4,5,2],[2,1,0,3,4,5,3],[1,0,2,3,1,6,5],[11,0,1],[12,0,1,2,3,4,5,3],[13,0,1,2,3],[3,0,1,7,2,5,4,3,8,9,10,8],[7,0,2],[0,0,1,6,4,2,3,3],[0,0,5,4,2,8,3,2],[0,0,5,4,2,3,2],[8,0,1,2,3,4,5,6,2],[4,0,1,2,3,4,2],[4,0,1,2,3,4,5,2],[9,0,1,2,3,4,5,6,7,1],[5,0,1,2,3,5,6,5],[5,0,1,4,2,5,6,5],[2,0,2,3,4,5,3],[2,1,3,4,5,2],[2,0,3,4,2],[1,0,6,2],[1,0,2,3,5,1,6,6],[1,0,2,6,3],[3,0,1,2,5,4,3,8,9,7],[3,0,1,6,2,3,8,9,6],[3,0,1,6,2,4,3,8,9,7]],[[[[12,"WHItemItemUI"],[2,"whItemPrefab",[-11,-12],[[19,-9,-8,-7,-6,-5,-4,-3,-2],[20,1,2,-144,0,-10,[5,501,564]]],[0,"d5NwXSkApHeLLd21rhMLzI",-1],[5,501,564]],[16,"bg",1,[[-16,[3,"spacing",-17,[0,"5159XJASJBqb2QjNrr3tmM",1],[5,40,84],[0,144,0,0,0,0,1,1,1,1]],-18,-19,[3,"spacing",-20,[0,"23luB6dHlD5aTYsKp0lMVH",1],[5,40,12],[0,-108,0,0,0,0,1,1,1,1]],-21],1,4,1,1,4,1],[[22,0,false,-13,[15],16],[1,40,501,504,-14],[21,1,2,36,12,-15,[5,501,516]]],[0,"9brjstJjpFCqZlLhmz6QIw",1],[5,501,516],[0,-24,0,0,0,0,1,1,1,1]],[13,"btn_claim_item",false,[-27],[[6,1,0,-22,[7],8],[1,45,429,96,-23],[8,-24],[9,0.8,3,-26,[[10,"4c4d8pfVqlJqabZoOYrh+N+","gotoMission",1]],-25,9]],[0,"7bcfZy+zBE1qddLISE/Gna",1],[5,429,96]],[2,"btn_use_item",[-33],[[6,1,0,-28,[12],13],[1,45,429,96,-29],[8,-30],[9,0.8,3,-32,[[10,"4c4d8pfVqlJqabZoOYrh+N+","useItem",1]],-31,14]],[0,"b5usVoQBZIE5RrkBgumiUc",1],[5,429,96]],[4,"quantity_layout",2,[-36],[[23,1,-34,[1],2],[25,33,-35]],[0,"287m6o1tdF76vkT+QZjVzV",1],[5,78,60],[211.5,228,0,0,0,0,1,1,1,1]],[4,"btnlayout",2,[3,4],[[26,40,36,36,36,429,-37]],[0,"c416IqpuRKBZ+gC+J8R356",1],[5,429,96],[0,-174,0,0,0,0,1,1,1,1]],[17,"quantity",5,[[-38,[1,45,20.02,50.4,-39]],1,4],[0,"55fKgkohJHKZf+AL64H15u",1],[5,78,60]],[5,"name",2,[[-40,[7,40,36,36,184.55,-41]],1,4],[0,"45kxagyk9Jx5oIaw91NoDF",1],[4,4278190080],[5,429,120],[0,30,0,0,0,0,1,1,1,1]],[5,"description",2,[[-42,[7,40,36,36,625.07,-43]],1,4],[0,"8fCdX3evJDaakBr6Eli2Wk",1],[4,4278797443],[5,429,48],[0,-66,0,0,0,0,1,1,1,1]],[14,"Label",3,[[11,"Làm nhiệm vụ",42,false,false,1,1,1,-44,[5],6],[1,45,100,40,-45]],[0,"d3Me7Qt+hLV4PYX3OvrH0r",1],[4,4278999726],[5,429,96]],[15,"Label",4,[[11,"Sử dụng",42,false,false,1,1,1,-46,[10],11],[1,45,100,40,-47]],[0,"c82+SJMDNP1L4iOnwdVX3y",1],[5,429,96]],[18,"seed",1,[[-48,[27,8,36,-49]],1,4],[0,"de8mcbGhBHAaqhUy5ZVgGn",1],[5,192,192],[-118.5,186,0,0,0,0,1,1,1,1]],[28,"+11",36,false,1,1,2,7,[0]],[29,"Hóa chất ",42,60,false,2,8,[3]],[30,"+150 kinh nghiệm",36,48,false,1,2,9,[4]],[24,0,12,[17]]],0,[0,6,1,0,7,3,0,8,4,0,9,13,0,10,5,0,11,15,0,12,14,0,13,16,0,0,1,0,0,1,0,-1,2,0,-2,12,0,0,2,0,0,2,0,0,2,0,-1,5,0,3,2,0,-3,8,0,-4,9,0,3,2,0,-6,6,0,0,3,0,0,3,0,0,3,0,4,3,0,0,3,0,-1,10,0,0,4,0,0,4,0,0,4,0,4,4,0,0,4,0,-1,11,0,0,5,0,0,5,0,-1,7,0,0,6,0,-1,13,0,0,7,0,-1,14,0,0,8,0,-1,15,0,0,9,0,0,10,0,0,10,0,0,11,0,0,11,0,-1,16,0,0,12,0,14,1,3,3,6,4,3,6,49],[0,0,0,0,0,0,0,0,0,0,0,0,0,0,0,0,0,0,13,14,15,16],[-1,-1,1,-1,-1,-1,2,-1,1,5,-1,2,-1,1,5,-1,1,-1,2,2,2,1],[0,0,3,0,0,0,1,0,4,0,0,1,0,5,0,0,6,0,2,1,2,7]],[[{"name":"other_ribbon_green","rect":[0,0,78,60],"offset":[0,0],"originalSize":[78,60],"capInsets":[23,0,47,0]}],[6],0,[0],[15],[8]]]]