[1,["ecpdLyjvZBwrvm+cedCcQy","3ae7efMv1CLq2ilvUY/tQi","f3RdHH1L1MX5ioi2hFW8hp","79/Ro6h+1M9b4PfHONuAYx","83p+U3/jFD4pRbXBebqClV","d3KhkBsHlCKZE/5TDPFpDE","c0hw9MCLpEr7CFk8D2fUnl","c708a53ABA+qF+IzX7zmzh","193y2yX0lAUJooqlxCqiQn","a5DcLGM0lHnal7Wxwn3XKG","97243e5b-17bc-46f4-9764-8d015bff1975@6c48a","1eeAySAutPe6OszGUdRqDm","a7aN8UdCtGRru1l8MZK6q3","ecrbOgWJhLX7bSOS3WLGHV","6fRl445QtPp4nq39UVQTO9","22+w+U44VAFLxH+ZLADZ/U","b7wUSdm0hLu4EXsoYEmfCg","b8X4b5qsVPw66dzDYMPFkx","4f5MoW2fFAcKVnFiZamjBn","21SmAaOxhGIKLfU6qhUTvO","82fSZ6LMtBK62OOTnn8rHg","a4A/+vCYBJD4Bu6xi7Z29U","1eRmaCxstC7pid0FpxUbbY","65PSK//s9BMLBOrS6MvxRw","59TIK7YqVCtKHmUqvvblIx","5cDNuIOfhNSLwNnROJqCOl","0bq7LerbJGP4YC0ynVQ9hl","07+3dgZ9ZI37yehDdPAmAq","28dOpfsgpJWY12RHcdqvo9","a0MKKk+q1DCJjfq/WueKs9","187RffH9dI/ZOLzlLWl+qU","b2711arLBFepxL57OSpFwd","15h4xcl4JOqZWQZ6k5C9/C","c3VKroaXdAF4+qwMUL8N9A","5dQh2r/dZPRbYuWMKeZMq2","0eJgkKe7FAupjDtccNo3ag","83hYgztMJMGpOcZgmicJSP","c2UgLpbBFI9aR6KpDGirJX","65pvk7zFxNPpAsYCBGsczt","80Dd8x/w1HtYmxASNdKza1","c0+EpirqhHGIAAmMYQnYgq","071XzcgIJLzqnsxwF23AfE","e0mDsBDs1Bn7eGAWehUhWN","46QK/dZ91DW59MqMpdaiwM","29Uy69KPZIw7Lwn3Icc2QW","2cKrE3QGlKhLi7PX/shN/k","375rGwnJlMwKUBzzqxYe4e","8dQ+AQeABMSovwLTHQJG7L"],["node","_spriteFrame","_normalMaterial","_defaultClip","_grayMaterial","_N$file","_textureSetter","_parent","target","root","spDayNightBg","rightMenuTooltip","overAllBackground","overlayBackground","boostLabelStep2","boostLabel","handBoost","boostMenuStep2","boostMenu","spHistory","spTreeDetail","activeBottomMenu","bottomMenu","treeDeadMenu","flowPot","butterFlyLayout","rect_normal","rect_target_effect","rect_target","lbTreeName","tree","hintBoostWater","flowPotStatus","status_label","progress_label","progressBarBackground","progressBar","label_phanbon","flare3","flare2","flare1","data","waterPb","boostPb","sparklePb","flareUpPb","grayMaterial","normalMaterial"],[["cc.Widget",["_alignFlags","_bottom","_top","_originalWidth","_left","_right","_originalHeight","alignMode","_verticalCenter","_horizontalCenter","node"],-7,1],["cc.Node",["_name","_opacity","_active","_components","_prefab","_contentSize","_parent","_trs","_children","_anchorPoint","_eulerAngles"],0,9,4,5,1,7,2,5,5],["cc.Node",["_name","_active","_components","_prefab","_contentSize","_parent","_trs","_children","_color","_anchorPoint"],1,12,4,5,1,7,2,5,5],["cc.Sprite",["_sizeMode","_isTrimmedMode","_type","node","_materials","_spriteFrame"],0,1,3,6],["cc.Layout",["_resize","_N$spacingY","_N$layoutType","_N$spacingX","node","_layoutSize"],-1,1,5],["cc.Button",["_N$transition","zoomScale","_N$enableAutoGrayEffect","node","clickEvents","_normalMaterial","_grayMaterial","_N$normalColor","_N$pressedColor"],0,1,9,6,6,5,5],["cc.Label",["_fontSize","_isSystemFontUsed","_N$verticalAlign","_string","_N$horizontalAlign","_lineHeight","node","_materials"],-3,1,3],"cc.SpriteFrame",["36d3bCjkGZHWYcsLE8AZD6i",["clickSoundName","isPreventSecondClick","node"],1,1],["cc.PrefabInfo",["fileId","root","asset"],2,1,1],["cc.Animation",["playOnLoad","node","_clips","_defaultClip"],2,1,3,6],["cc.LabelOutline",["_width","node","_color"],2,1,5],["cc.Prefab",["_name"],2],["cc.Node",["_name","_parent","_components","_prefab","_contentSize"],2,1,2,4,5],["cc.BlockInputEvents",["node"],3,1],["6ff52qWsYtLNbL9v1JLScgb",["node","label_phanbon","progressBar","progressBarBackground","progress_label","status_label","flowPotStatus","hintBoostWater","tree","lbTreeName","rect_target","rect_target_effect","rect_normal","butterFlyLayout","flowPot","treeDeadMenu","bottomMenu","activeBottomMenu","spTreeDetail","spHistory","boostMenu","boostMenuStep2","handBoost","boostLabel","boostLabelStep2","target","overlayBackground","overAllBackground","rightMenuTooltip","spDayNightBg","waterPb","boostPb","sparklePb","flareUpPb","grayMaterial","normalMaterial"],3,1,1,1,1,1,1,1,1,1,1,1,1,1,1,1,1,1,1,1,1,1,1,1,1,1,1,1,1,1,1,6,6,6,6,6,6],["cc.ClickEvent",["_componentId","handler","target"],1,1],["2353b8ir09Ng5xwL5NhFFOI",["node"],3,1],["85cea+uI71NTqCGtogyTuV3",["node","flare1","flare2","flare3"],3,1,1,1,1],["cc.Camera",["_clearFlags","_depth","node"],1,1],["cc.ProgressBar",["_N$totalLength","_N$progress","node","_N$barSprite"],1,1,1]],[[9,0,1,2,2],[0,0,10,2],[1,0,6,3,4,5,7,2],[3,0,3,4,5,2],[16,0,1,2,3],[1,0,6,3,4,5,2],[3,2,0,3,4,3],[3,3,4,5,1],[3,0,1,3,4,3],[2,0,5,2,3,4,6,2],[0,0,1,10,3],[3,0,1,3,4,5,3],[2,0,5,7,2,3,4,6,2],[2,0,5,2,3,4,2],[14,0,1],[3,3,4,1],[4,4,5,1],[5,1,2,0,3,4,5,6,4],[5,1,0,3,4,5,3],[8,2,1],[1,0,6,8,3,4,5,7,2],[2,0,5,2,3,4,9,6,2],[0,0,4,10,3],[3,0,3,4,2],[10,0,1,2,3,2],[8,0,2,2],[1,0,6,8,3,4,5,2],[1,0,2,6,8,3,4,5,7,3],[1,0,1,6,3,4,5,3],[2,0,5,2,3,8,4,6,2],[0,0,3,6,10,4],[0,0,2,8,10,4],[0,0,4,2,10,4],[0,0,4,5,1,3,10,6],[0,0,5,2,10,4],[0,0,4,5,2,1,3,6,10,8],[0,0,2,10,3],[4,0,2,1,4,5,4],[4,3,4,5,2],[10,1,2,3,1],[8,1,2,2],[11,0,1,2,2],[6,3,0,1,4,2,6,7,6],[12,0,2],[1,0,8,3,4,5,7,2],[1,0,8,3,4,5,9,7,2],[1,0,8,3,4,5,2],[1,0,1,6,8,3,4,3],[1,0,1,6,3,4,5,7,3],[1,0,2,6,3,4,5,7,3],[1,0,6,3,4,5,7,10,2],[1,0,6,3,4,7,2],[2,0,1,5,7,2,3,4,6,3],[2,0,7,2,3,4,6,2],[2,0,1,5,2,3,4,6,3],[2,0,5,7,2,3,4,2],[13,0,1,2,3,4,2],[0,7,0,1,10,4],[0,0,9,10,3],[0,0,2,1,3,10,5],[0,0,1,6,10,4],[0,0,5,10,3],[15,0,1,2,3,4,5,6,7,8,9,10,11,12,13,14,15,16,17,18,19,20,21,22,23,24,25,26,27,28,29,30,31,32,33,34,35,1],[9,1,2,1],[3,2,0,3,4,5,3],[3,1,3,4,2],[4,0,4,5,2],[4,1,4,5,2],[5,1,2,0,3,4,7,8,5,6,4],[5,0,3,4,5,2],[17,0,1],[18,0,1,2,3,1],[11,0,1,2],[6,3,0,5,1,2,6,7,6],[6,3,0,5,1,4,2,6,7,7],[6,0,5,1,4,2,6,7,6],[19,0,1,2,3],[20,0,1,2,3,3]],[[[{"name":"tip_hand_left","rect":[7,29,227,188],"offset":[0.5,-3],"originalSize":[240,240],"capInsets":[0,0,0,0]}],[7],0,[0],[6],[13]],[[[43,"TreeTutorialUI"],[44,"TreeTutorialUI",[-34,-35,-36,-37,-38,-39,-40,-41,-42,-43,-44,-45,-46,-47,-48,-49,-50],[[30,45,1125,2436,-2],[14,-3],[62,-33,-32,-31,-30,-29,-28,-27,-26,-25,-24,-23,-22,-21,-20,-19,-18,-17,-16,-15,-14,-13,-12,-11,-10,-9,-8,-7,-6,-5,-4,106,107,108,109,110,111]],[63,-1,0],[5,1125,2436],[562.5,1218,0,0,0,0,1,1,1,1]],[45,"tree_layout",[-54,-55,-56,-57,-58,-59],[[6,1,0,-51,[59]],[16,-52,[5,465,748.76]],[1,17,-53]],[0,"c3DcHSIspM+Yp6FRgGg8Pc",1,0],[5,465,748.76],[0,0.5,0.21],[0,-136.68040000000002,0,0,0,0,1,1,1,1]],[26,"treeUI",1,[2,-63,-64],[[6,1,0,-60,[75]],[37,1,2,30,-61,[5,691.04,909.68]],[57,2,18,738,-62]],[0,"33+Sd0UIxDM7gpNRHb1FAC",1,0],[5,691.04,909.68]],[27,"reward_layout",false,2,[-69,-70],[[6,1,0,-65,[42]],[66,1,-66,[5,465,594]],[10,20,225,-67],[24,true,-68,[44],43]],[0,"ee6HTEr5FPd6RqATo7S7ip",1,0],[5,465,594],[0,364.7604,0,0,0,0,1,1,1,1]],[27,"get_reward_layout",false,2,[-74,-75,-76],[[6,1,0,-71,[51]],[16,-72,[5,552,137]],[31,2,100,-90,-73]],[0,"cfNtm0yvdCXL0HnscbQN/+",1,0],[5,552,137],[0,127.14040000000003,0,0,0,0,1,1,1,1]],[52,"hintBoostWater",false,2,[-80,-81,-82],[[[6,1,0,-77,[58]],-78,[31,1,60,182.85959999999997,-79]],4,1,4],[0,"71axgBrd5MIKSBpjiH5hpc",1,0],[5,552,137],[0,463.0204,0,0,0,0,1,1,1,1]],[12,"progressBar",3,[-86,-87,-88],[[[64,1,0,-83,[72],73],-84,[1,16,-85]],4,1,4],[0,"beK320kM5MbpJOYONz3/gx",1,0],[5,606,48],[0,-347.91999999999996,0,0,0,0,1,1,1,1]],[20,"layout_process",7,[-91,-92,-93,-94],[[58,32,255,-89],[16,-90,[5,96,96]]],[0,"24YIku8b9PgaRH/BGY22wP",1,0],[5,96,96],[255,0,0,0,0,0,1,1,1,1]],[53,"boost",[-99,-100],[[-95,[17,0.9,true,3,-96,[[4,"6ff52qWsYtLNbL9v1JLScgb","onBoostClick",1]],92,93],[1,34,-97],[19,-98]],1,4,4,4],[0,"8acetcUutPQ6XCRDnZBhM3",1,0],[5,230,230],[429.5,0,0,0,0,0,1,1,1,0]],[2,"SkipTutorialUI",1,[[7,-101,[103],104],[70,-102],[32,9,24,90,-103],[19,-104],[18,0.9,3,-106,[[4,"2353b8ir09Ng5xwL5NhFFOI","skipTutorial",-105]],105]],[0,"46FV+LoHBO+qjBZHrgj/jn",1,0],[5,429,96],[-324,1080,0,0,0,0,1,1,1,0]],[12,"bottomMenu",1,[-110,-111],[[[6,1,0,-107,[30]],-108,[33,44,18,18,108,803.98,-109]],4,1,4],[0,"f8iWVEyLBLvJ9pATvPOsqG",1,0],[5,1089,278.97],[0,-970.515,0,0,0,0,1,1,1,1]],[12,"boost",11,[-116],[[-112,[17,0.9,true,3,-113,[[4,"6ff52qWsYtLNbL9v1JLScgb","onBoostClick",1]],28,29],[1,34,-114],[19,-115]],1,4,4,4],[0,"2723S/EptBPKxW07FUnlbV",1,0],[5,230,230],[429.5,0,0,0,0,0,1,1,1,0]],[46,"FlareUI",[-122,-123,-124],[[59,18,1218,1218,1125,-117],[71,-121,-120,-119,-118]],[0,"714ipMGJNGSbxhQOLUvonx",1,0],[5,1125,0]],[47,"butterFlyLayout",0,1,[-126,-127,-128],[[39,-125,[84,85],83]],[0,"7csXIb29dOZLWdSQ4k0xzu",1,0]],[20,"rightMenuToolTip",1,[-131,-132],[[67,48,-129,[5,168,336]],[34,33,24,90,-130]],[0,"d8kygRxmJNnpdvFaAZECda",1,0],[5,168,336],[454.5,960,0,0,0,0,1,1,1,1]],[26,"backgroundLayout",1,[-135,-136],[[1,45,-133],[14,-134]],[0,"9amq4RVvlKG7MXS7Qna5to",1,0],[5,1125,2436]],[2,"back",1,[[3,0,-137,[3],4],[18,0.9,3,-138,[[4,"6ca08i8T3pAfbmZwnExoP1b","onBackClick",1]],5],[32,9,24,90,-139],[19,-140]],[0,"a9DcESx9NBjrhebt8CGQHg",1,0],[5,120,120],[-478.5,1068,0,0,0,0,1,1,1,0]],[20,"rightMenu",1,[-143,-144],[[37,1,2,48,-141,[5,168,336]],[34,33,24,90,-142]],[0,"3bilXgS7dIlIIwbnm97C8u",1,0],[5,168,336],[454.5,960,0,0,0,0,1,1,1,1]],[2,"moreItem",11,[[11,0,false,-145,[23],24],[18,0.9,3,-146,[[4,"6ca08i8T3pAfbmZwnExoP1b","onMisionClick",1]],25],[1,10,-147],[25,"tap",-148]],[0,"1fD6vW64lNcJSkpmZDVwn1",1,0],[5,240,240],[-424.5,0,0,0,0,0,1,1,1,0]],[5,"reward",4,[[11,0,false,-149,[39],40],[10,18,-81,-150],[18,0.8,3,-151,[[4,"6ca08i8T3pAfbmZwnExoP1b","onRewardBtnClick",1]],41],[25,"tap",-152]],[0,"9aQzhqNQdBvKVBOXw9iG1T",1,0],[5,260,260]],[12,"activeBottomMenu",1,[9],[[[6,1,0,-153,[94]],-154,[33,44,18,18,108,803.98,-155]],4,1,4],[0,"e4Xd4iGPdCLrQb9i78BD8R",1,0],[5,1089,278.97],[0,-970.515,0,0,0,0,1,1,1,1]],[9,"info",18,[[-156,[17,0.9,true,3,-157,[[4,"6ff52qWsYtLNbL9v1JLScgb","onInfoClick",1]],18,19],[40,true,-158]],1,4,4],[0,"25tlVdFR1PgrA4bLrW1HFb",1,0],[5,168,144],[0,96,0,0,0,0,1,1,1,0]],[9,"history",18,[[-159,[68,0.8,true,3,-160,[[4,"6ca08i8T3pAfbmZwnExoP1b","onHistoryClick",1]],[4,4285229987],[4,4284243085],21,22],[25,"tap",-161]],1,4,4],[0,"06G7rikrVDRZqixI4fu+yZ",1,0],[5,168,144],[0,-96,0,0,0,0,1,1,1,0]],[9,"label_phanbon",12,[[-162,[41,3,-163,[4,4279851680]],[1,16,-164]],1,4,4],[0,"50MDWmVZVEipxw/dzInOKR",1,0],[5,40.77,56.4],[0,30.118,0,0,0,0,1,1.42857,1.42857,1.42857]],[54,"treeDeadMenu",false,1,[[-165,[10,20,115,-166],[69,3,-167,[[4,"6ca08i8T3pAfbmZwnExoP1b","onDeadMenuClick",1]],32]],1,4,4],[0,"a96JJaSfVA1LjD29DteYcG",1,0],[5,420,282],[0,-962,0,0,0,0,1,1,1,1]],[55,"rect_target_effect",8,[13],[[-168,[1,18,-169]],1,4],[0,"10IR+Ou8pPl58MYns6X9Wl",1,0],[5,150,150]],[5,"flare1",13,[[3,0,-170,[64],65],[35,18,30,30,27,27,440,446,-171]],[0,"96BNBDWNpKvoC0sjmUwPZG",1,0],[5,150,150]],[5,"flare2",13,[[3,0,-172,[66],67],[1,18,-173]],[0,"32OoFdyXpGQKqkaTFgPCqa",1,0],[5,150,150]],[5,"flare3",13,[[3,0,-174,[68],69],[1,18,-175]],[0,"ecQwErSyxIuprIxt0e7Kvp",1,0],[5,150,150]],[29,"treeNameLabel",1,[[-176,[72,2,-177],[36,17,120,-178]],1,4,4],[0,"74Y390i8BERbK4n7X/W+pG",1,0],[4,4278797443],[5,4,64.47999999999999],[0,1065.76,0,0,0,0,1,1,1,1]],[28,"overlayBackground",120,1,[[3,0,-179,[86],87],[14,-180]],[0,"8bjvrPrkJP+ZMIAr9jKkca",1,0],[5,1125,2436]],[9,"label_phanbon",9,[[-181,[41,3,-182,[4,4279851680]],[1,16,-183]],1,4,4],[0,"59WXBse4RFkLrO63OTAUVt",1,0],[5,40.77,56.4],[0,30.118,0,0,0,0,1,1.42857,1.42857,1.42857]],[2,"info",15,[[11,2,false,-184,[95],96],[17,0.9,true,3,-185,[[4,"6ff52qWsYtLNbL9v1JLScgb","onInfoClick",1]],97,98],[40,true,-186]],[0,"89B5iHE2hF4KCB5pXY0YMh",1,0],[5,168,144],[0,96,0,0,0,0,1,1,1,0]],[28,"overAllBackground",0,1,[[3,0,-187,[101],102],[14,-188]],[0,"96snbzK/JE+7HTPRXPzUsG",1,0],[5,1125,2436]],[5,"background",16,[[11,2,false,-189,[1],2],[30,45,1125,2436,-190]],[0,"5atYjxoFdJebiC6IR2MtjS",1,0],[5,1125,2436]],[2,"sun",1,[[3,0,-191,[6],7],[24,true,-192,[9],8]],[0,"21+Aq9PjlGcp2MGYtCqiD0",1,0],[5,2000,2000],[-606.569,1200,0,0,0,0,1,1,1,1]],[48,"cloud",150,1,[[15,-193,[10]],[24,true,-194,[12],11]],[0,"11EMbwDjBH85YPp7QiIB+o",1,0],[5,839,395],[1000,900,0,0,0,0,1,0.8,0.8,0.8]],[49,"childTree",false,1,[[3,0,-195,[13],14],[39,-196,[16],15]],[0,"4ceAY9aTpK6baPgYrRgttk",1,0],[5,220,220],[-450.172,-282.379,0,0,0,0,1,1,1,1]],[42,"x3",30,false,1,1,24,[26]],[13,"flow_pot",2,[[-197,[1,16,-198]],1,4],[0,"b67UDxruJFuqO8cRi7Ea2V",1,0],[5,325,292]],[21,"tree",2,[[-199,[60,20,225,594,-200]],1,4],[0,"aac7qm5q9CqIKX65dk1a0A",1,0],[5,465,594],[0,0.5,0],[0,67.7604,0,0,0,0,1,1,1,1]],[9,"flowPotStatus",2,[[-201,[10,20,35,-202]],1,4],[0,"ac9MMUcgNOsKGowEFZnzlU",1,0],[5,241,127],[0,-71.43959999999998,0,0,0,0,1,0.8,0.8,1]],[5,"tree_effect",4,[[11,2,false,-203,[37],38],[10,18,-213,-204]],[0,"e8GlS4DOVLeZXkbfRchYv7",1,0],[5,465,594]],[2,"up_arrow",5,[[7,-205,[47],48],[1,1,-206]],[0,"e9gwuWpO5OGbFaubh8Fjc+",1,0],[5,42,22],[0,57.5,0,0,0,0,1,1,1,1]],[2,"im_80color_gami_puppy_talk",5,[[3,0,-207,[49],50],[22,8,-36,-208]],[0,"7bDXSKwq1IeLt7/Fxo7UyY",1,0],[5,144,144],[-238.5,0,0,0,0,0,1,1,1,1]],[50,"up_arrow",6,[[7,-209,[54],55],[36,1,149.5,-210]],[0,"30uBNyg3tOnIiVR5yaJTsk",1,0],[5,42,22],[0,-92,0,0,0,1,6.123233995736766e-17,1,1,1],[1,0,0,180]],[2,"im_80color_gami_puppy_talk",6,[[7,-211,[56],57],[22,8,-103.45800000000003,-212]],[0,"4ce7iHtShMuIKaiCAfyaHI",1,0],[5,129,144],[-314.958,1.253,0,0,0,0,1,1,1,1]],[21,"bar",7,[[-213,[35,45,3,423,3,3,80,25,-214]],1,4],[0,"12FurB5d9Ej6Wj0nYv6A03",1,0],[5,180,42],[0,0,0.5],[-300,0,0,0,0,0,1,1,1,1]],[6,1,0,48,[60]],[21,"label_process",7,[[-215,[22,8,10,-216]],1,4],[0,"4c4PYNHDlKFqTsQx9BxNi6",1,0],[5,153.4,45.36],[0,0,0.5],[-293,0,0,0,0,0,1,1,1,1]],[13,"rect_normal",8,[[-217,[1,18,-218]],1,4],[0,"45b+wMEadKl6mjYBEZnim5",1,0],[5,96,96]],[13,"rect_target",8,[[-219,[1,18,-220]],1,4],[0,"2cF71P+UlDo6z+ihR5UH4b",1,0],[5,96,96]],[13,"target",8,[[-221,[61,18,255,-222]],1,4],[0,"4clBLF8G5FB7eDLsS1kZ7C",1,0],[5,96,96]],[29,"status",3,[[-223,[1,16,-224]],1,4],[0,"47jymO+5RC+K5+ioqk2Nfb",1,0],[4,4278190080],[5,614.12,52.92],[0,-428.37999999999994,0,0,0,0,1,1,1,1]],[2,"im_80color_gami_tip_hand",9,[[7,-225,[89],90]],[0,"748TluqSFM1obRiS1fK1d5",1,0],[5,227,188],[-181.957,-125.722,0,0,0,0,1,1,1,1]],[51,"Main Camera",1,[[76,7,-1,-226]],[0,"51wpXFyKBC2p/DbVumWM/D",1,0],[0,0,472.8607515844568,0,0,0,1,1,1,1]],[56,"nightBg",16,[-227],[0,"39H6E202xElLYUPzJ+dyRv",1,0],[5,1125,2436]],[8,2,false,57,[0]],[8,2,false,22,[17]],[8,2,false,23,[20]],[23,0,12,[27]],[38,40,11,[5,1089,278.97]],[15,25,[31]],[65,false,40,[33]],[8,0,false,41,[34,35]],[15,42,[36]],[5,"btn_thuhoach",5,[[7,-228,[45],46]],[0,"1dSw7hctNEOrfbupKacy9R",1,0],[5,552,108]],[5,"btn_thuhoach",6,[[7,-229,[52],53]],[0,"d8GE3haFVIW5bFilLR9XVJ",1,0],[5,699,168]],[16,6,[5,552,137]],[73,"Cấp 5/15",36,36,false,1,50,[61]],[8,2,false,51,[62]],[15,52,[63]],[23,0,26,[70]],[8,0,false,53,[71]],[77,600,0.3,7,49],[74,"Thu hoạch thành quả thôi bạn ơi",42,42,false,1,1,54,[74]],[75,48,48,false,1,1,30,[76]],[2,"fly1",14,[[3,0,-230,[77],78]],[0,"39+1RruE1HYoj/xdH+Hw3+",1,0],[5,400,400],[-265.348,-137.146,0,0,0,0,1,-1,1,-1]],[2,"fly2",14,[[3,0,-231,[79],80]],[0,"37Jvr7RSZNWo9iV6j/3ixk",1,0],[5,300,300],[-331.099,263.737,0,0,0,0,1,-1,1,-1]],[2,"fly3",14,[[3,0,-232,[81],82]],[0,"91vMF6ZS9IqZAvHMsl4tdK",1,0],[5,400,400],[372.679,-244.477,0,0,0,0,1,1,1,1]],[42,"x3",30,false,1,1,32,[88]],[23,0,9,[91]],[38,40,21,[5,1089,278.97]],[2,"tooltip_info",15,[[7,-233,[99],100]],[0,"94mV4BtD5FgpT2tnWrNKoQ",1,0],[5,590,188],[-204.258,-94.566,0,0,0,0,1,1,1,1]]],0,[0,9,1,0,0,1,0,0,1,0,10,58,0,11,15,0,12,34,0,13,31,0,8,74,0,14,81,0,15,39,0,16,55,0,17,82,0,18,61,0,19,60,0,20,59,0,21,83,0,22,62,0,23,63,0,24,64,0,25,14,0,26,71,0,27,73,0,28,72,0,29,77,0,30,65,0,31,69,0,32,66,0,33,76,0,34,70,0,35,49,0,36,75,0,37,39,0,0,1,0,-1,56,0,-2,16,0,-3,17,0,-4,36,0,-5,37,0,-6,38,0,-7,18,0,-8,11,0,-9,25,0,-10,3,0,-11,30,0,-12,14,0,-13,31,0,-14,21,0,-15,15,0,-16,34,0,-17,10,0,0,2,0,0,2,0,0,2,0,-1,40,0,-2,41,0,-3,42,0,-4,4,0,-5,5,0,-6,6,0,0,3,0,0,3,0,0,3,0,-2,7,0,-3,54,0,0,4,0,0,4,0,0,4,0,0,4,0,-1,43,0,-2,20,0,0,5,0,0,5,0,0,5,0,-1,67,0,-2,44,0,-3,45,0,0,6,0,-2,69,0,0,6,0,-1,68,0,-2,46,0,-3,47,0,0,7,0,-2,75,0,0,7,0,-1,48,0,-2,50,0,-3,8,0,0,8,0,0,8,0,-1,51,0,-2,52,0,-3,26,0,-4,53,0,-1,82,0,0,9,0,0,9,0,0,9,0,-1,32,0,-2,55,0,0,10,0,0,10,0,0,10,0,0,10,0,8,10,0,0,10,0,0,11,0,-2,62,0,0,11,0,-1,19,0,-2,12,0,-1,61,0,0,12,0,0,12,0,0,12,0,-1,24,0,0,13,0,38,29,0,39,28,0,40,27,0,0,13,0,-1,27,0,-2,28,0,-3,29,0,0,14,0,-1,78,0,-2,79,0,-3,80,0,0,15,0,0,15,0,-1,33,0,-2,84,0,0,16,0,0,16,0,-1,57,0,-2,35,0,0,17,0,0,17,0,0,17,0,0,17,0,0,18,0,0,18,0,-1,22,0,-2,23,0,0,19,0,0,19,0,0,19,0,0,19,0,0,20,0,0,20,0,0,20,0,0,20,0,0,21,0,-2,83,0,0,21,0,-1,59,0,0,22,0,0,22,0,-1,60,0,0,23,0,0,23,0,-1,39,0,0,24,0,0,24,0,-1,63,0,0,25,0,0,25,0,-1,73,0,0,26,0,0,27,0,0,27,0,0,28,0,0,28,0,0,29,0,0,29,0,-1,77,0,0,30,0,0,30,0,0,31,0,0,31,0,-1,81,0,0,32,0,0,32,0,0,33,0,0,33,0,0,33,0,0,34,0,0,34,0,0,35,0,0,35,0,0,36,0,0,36,0,0,37,0,0,37,0,0,38,0,0,38,0,-1,64,0,0,40,0,-1,65,0,0,41,0,-1,66,0,0,42,0,0,43,0,0,43,0,0,44,0,0,44,0,0,45,0,0,45,0,0,46,0,0,46,0,0,47,0,0,47,0,-1,49,0,0,48,0,-1,70,0,0,50,0,-1,71,0,0,51,0,-1,72,0,0,52,0,-1,74,0,0,53,0,-1,76,0,0,54,0,0,55,0,0,56,0,-1,58,0,0,67,0,0,68,0,0,78,0,0,79,0,0,80,0,0,84,0,41,1,2,7,3,9,7,21,13,7,26,233],[0,0,0,0,0,0,0,0,0,0,0,0,0,0,0,0,0,0,0,0,0,0,0,0,0,0,0,0,0,0,0,0,0,0,0,0,0,0,0,0,0,0,0,0,0,0,0,0,0,0,0,0,0,0,0,0,0,0,0,0,0,0,0,0,0,0,0,0,0,0,0,0,0,0,0,0,0,0,0,0,0,0,0,0,0,0,0,0,0,0,0,0,0,0,0,0,0,0,0,0,0,0,0,0,0,0,0,0,0,0,0,0,58,59,60,39,61,63,64,66,49,70,71,72,76,77,81,82],[-1,-1,1,-1,1,2,-1,1,3,-1,-1,3,-1,-1,1,3,-1,-1,2,4,-1,2,4,-1,1,2,-1,-1,2,4,-1,-1,2,-1,-1,-2,-1,-1,1,-1,1,2,-1,3,-1,-1,1,-1,1,-1,1,-1,-1,1,-1,1,-1,1,-1,-1,-1,-1,-1,-1,-1,1,-1,1,-1,1,-1,-1,-1,1,-1,-1,-1,-1,1,-1,1,-1,1,3,-1,-2,-1,1,-1,-1,1,-1,2,4,-1,-1,1,2,4,-1,1,-1,1,-1,1,2,42,43,44,45,46,47,1,1,1,5,1,1,1,1,1,5,1,1,5,5,5,1],[0,0,14,0,15,0,0,16,4,4,0,5,5,0,17,6,6,0,0,1,0,0,1,0,18,0,0,0,0,1,0,0,0,0,0,1,0,0,19,0,20,0,0,7,7,0,21,0,8,0,22,0,0,23,0,8,0,24,0,0,0,0,0,0,0,25,0,26,0,27,0,0,0,28,0,0,0,0,3,0,3,0,3,9,9,29,0,10,0,0,30,0,0,1,0,0,11,0,1,0,31,0,10,0,32,0,33,34,35,36,1,0,37,11,38,2,12,39,40,41,42,2,43,44,45,2,2,12]],[[{"name":"tooltip_info","rect":[4,1,590,188],"offset":[2,-0.5],"originalSize":[594,189],"capInsets":[0,0,0,0]}],[7],0,[0],[6],[46]],[[{"name":"iconSun","rect":[38,43,511,511],"offset":[-6.5,1.5],"originalSize":[600,600],"capInsets":[0,0,0,0]}],[7],0,[0],[6],[47]]]]