[1,["ecpdLyjvZBwrvm+cedCcQy","90S2dmULJN/ZSgNDAuiuhV","7boPcMrL1AN7bT0UwiNXxg","cbwuep4ipA2ZpDzd5iTGdZ","4aS6UFYQxE4rAhuZRLNUvY","22+w+U44VAFLxH+ZLADZ/U","26P0JJnz1DZr6AnOll5SY3","c5xflto1hCE7B7RS7eOjXe","f9gnnghyFGZ7ltrWI9PyOW","3czgcyh79KLaBARF1wQimA","55J9ueNBhFrZ7WxuOODtrf","cdeC+9EHNGHKHHRwinrzPb","89MVM/W9VCuon5oXS9OI+a","e0qQZ8UXJJIoWvKJvYsmuw"],["node","_spriteFrame","_normalMaterial","_N$target","_textureSetter","scene","_parent","onboardPb"],[["cc.Node",["_name","_id","_active","_components","_contentSize","_parent","_trs","_children","_anchorPoint"],0,9,5,1,7,2,5],["cc.Widget",["_alignFlags","_left","_originalWidth","_right","_bottom","_top","_originalHeight","node"],-4,1],["cc.Sprite",["_sizeMode","_type","_isTrimmedMode","node","_materials","_spriteFrame"],0,1,3,6],["cc.Layout",["_resize","_N$layoutType","_N$spacingX","_N$spacingY","_N$paddingTop","node","_layoutSize"],-2,1,5],["cc.Button",["zoomScale","_N$transition","node","clickEvents","_normalMaterial","_N$target"],1,1,9,6,1],"cc.SpriteFrame",["cc.SceneAsset",["_name","asyncLoadAssets"],1],["cc.Canvas",["_fitWidth","_fitHeight","node","_designResolution"],1,1,5],["ad4cfhzkvxI/LxQC6IcmvkN",["node","onboardPb"],3,1,6],["cc.ClickEvent",["_componentId","handler","target"],1,1],["36d3bCjkGZHWYcsLE8AZD6i",["node"],3,1],["cc.Scene",["_name","_active","_children","_anchorPoint","_trs"],1,2,5,7],["cc.Camera",["_clearFlags","_depth","node"],1,1]],[[0,0,5,3,4,6,2],[9,0,1,2,3],[10,0,1],[2,0,2,3,4,5,3],[4,0,1,2,3,4,3],[2,0,3,4,5,2],[0,0,5,7,3,4,6,2],[0,0,5,3,4,2],[2,3,4,5,1],[4,0,1,2,3,5,4,3],[6,0,1,3],[0,0,1,7,3,4,6,3],[0,0,2,5,3,4,6,3],[0,0,5,3,6,2],[0,0,5,3,4,8,2],[7,0,1,2,3,3],[8,0,1,1],[1,0,7,2],[1,0,1,3,4,2,7,6],[1,0,5,7,3],[1,0,1,5,7,4],[1,0,1,3,5,2,7,6],[1,0,1,3,4,2,6,7,7],[1,0,4,2,7,4],[3,0,1,2,5,6,4],[3,0,1,3,5,6,4],[3,4,5,6,2],[2,1,0,3,4,3],[2,1,3,4,5,2],[11,0,1,2,3,4,3],[12,0,1,2,3]],[[[{"name":"im_80color_gami_common_sound_on","rect":[12,12,296,296],"offset":[0,0],"originalSize":[320,320],"capInsets":[0,0,0,0]}],[5],0,[0],[4],[1]],[[[10,"tutorial",null],[11,"Canvas","8eSIq+H2pF86Bi9QdQi7qb",[-4,-5,-6,-7,-8,-9,-10,-11,-12],[[15,true,false,-1,[5,1125,2436]],[16,-2,30],[17,45,-3]],[5,1125,2436],[562.5,1218,0,0,0,0,1,1,1,1]],[6,"bottomMenu",1,[-15,-16,-17,-18],[[24,1,1,135,-13,[5,990,192]],[18,44,67.5,67.5,197,200,-14]],[5,990,192],[0,-925,0,0,0,0,1,1,1,1]],[6,"rightMenu",1,[-22,-23],[[27,1,0,-19,[15]],[25,1,2,10,-20,[5,200,310]],[19,33,90,-21]],[5,200,310],[462.5,973,0,0,0,0,1,1,1,1]],[0,"back",1,[[5,0,-24,[6],7],[20,9,24,90,-25],[4,0.8,3,-26,[[1,"8f0e2+2cNNGtrq6dIi7P8uB","onBtnBackClick",1]],8],[2,-27]],[5,120,120],[-478.5,1068,0,0,0,0,1,1,1,1]],[0,"btnSound",3,[[5,0,-28,[9],10],[9,0.8,3,-30,[[1,"8f0e2+2cNNGtrq6dIi7P8uB","onBtnSoundClick",1]],-29,11],[2,-31]],[5,120,120],[0,95,0,0,0,0,1,1,1,1]],[0,"history",2,[[3,0,false,-32,[18],19],[9,0.85,3,-34,[[1,"8f0e2+2cNNGtrq6dIi7P8uB","onBtnHistoryClick",1]],-33,20],[2,-35]],[5,240,192],[-375,0,0,0,0,0,1,1,1,1]],[0,"guideLine",3,[[5,0,-36,[12],13],[4,0.8,3,-37,[[1,"8f0e2+2cNNGtrq6dIi7P8uB","onGuideLineClick",1]],14],[2,-38]],[5,200,180],[0,-65,0,0,0,0,1,0.7,0.7,1]],[7,"mission",2,[[3,0,false,-39,[21],22],[4,0.85,3,-40,[[1,"8f0e2+2cNNGtrq6dIi7P8uB","onBtnMissionClick",1]],23],[2,-41]],[5,240,192]],[0,"wareHouse",2,[[3,0,false,-42,[24],25],[4,0.85,3,-43,[[1,"8f0e2+2cNNGtrq6dIi7P8uB","onBtnWareHouseClick",1]],26],[2,-44]],[5,240,192],[375,0,0,0,0,0,1,1,1,1]],[12,"ranking",false,2,[[3,0,false,-45,[27],28],[4,0.85,3,-46,[[1,"8f0e2+2cNNGtrq6dIi7P8uB","onBtnRankingClick",1]],29],[2,-47]],[5,240,192],[562.5,0,0,0,0,0,1,1,1,1]],[0,"logo",1,[[3,0,false,-48,[4],5],[21,17,250.5,250.5,106.5,624,-49]],[5,543,243],[0,990,0,0,0,0,1,1,1,1]],[0,"layoutFarm",1,[[26,72,-50,[5,1125,2508]],[22,21,462.5,462.5,-72,200,150,-51]],[5,1125,2508],[0,-36,0,0,0,0,1,1,1,1]],[0,"footer",1,[[28,1,-52,[16],17],[23,44,-3,40,-53]],[5,1125,354],[0,-1044,0,0,0,0,1,1,1,1]],[29,"New Node",false,[1],[0,0,0],[0,0,0,0,0,0,1,1,1,1]],[13,"Main Camera",1,[[30,7,-1,-54]],[0,0,369.68484716846234,0,0,0,1,1,1,1]],[14,"background",1,[[8,-55,[0],1]],[5,1125,1218],[0,0.5,0]],[7,"forceground",1,[[8,-56,[2],3]],[5,1125,2424]]],0,[0,0,1,0,0,1,0,0,1,0,-1,15,0,-2,16,0,-3,17,0,-4,11,0,-5,4,0,-6,12,0,-7,3,0,-8,13,0,-9,2,0,0,2,0,0,2,0,-1,6,0,-2,8,0,-3,9,0,-4,10,0,0,3,0,0,3,0,0,3,0,-1,5,0,-2,7,0,0,4,0,0,4,0,0,4,0,0,4,0,0,5,0,3,5,0,0,5,0,0,5,0,0,6,0,3,6,0,0,6,0,0,6,0,0,7,0,0,7,0,0,7,0,0,8,0,0,8,0,0,8,0,0,9,0,0,9,0,0,9,0,0,10,0,0,10,0,0,10,0,0,11,0,0,11,0,0,12,0,0,12,0,0,13,0,0,13,0,0,15,0,0,16,0,0,17,0,5,14,1,6,14,56],[0,0,0,0,0,0,0,0,0,0,0,0,0,0,0,0,0,0,0,0,0,0,0,0,0,0,0,0,0,0,0],[-1,1,-1,1,-1,1,-1,1,2,-1,1,2,-1,1,2,-1,-1,1,-1,1,2,-1,1,2,-1,1,2,-1,1,2,7],[0,2,0,3,0,4,0,5,0,0,6,0,0,7,0,0,0,8,0,9,0,0,10,0,0,11,0,0,12,0,13]]]]