[1,["ecpdLyjvZBwrvm+cedCcQy","53VFuNciBAu4hZmvHfc8mB","2f735ac2FFBLjZVEdUYfgN","46ic7aYkRJR5uv5mzQa75+","95J0Fb1xNPyJOj90t0TkuN","22+w+U44VAFLxH+ZLADZ/U","19GJKGexVKsIFpvReXqonJ","b1A+4kR6tPLIvluyJiCcnp","b9dbKvzwNLeJkxuO2jOxlT","d1kg7kZUNDnouQh7ljZ0lE","2cKrE3QGlKhLi7PX/shN/k"],["node","_spriteFrame","_textureSetter","target","progressBar","lbStatus","scene","_parent","_clip","_normalMaterial","errPrefab","_N$file"],[["cc.Widget",["_alignFlags","_left","_top","_originalWidth","_right","_bottom","_isAbsTop","_isAbsBottom","_horizontalCenter","_originalHeight","_verticalCenter","node"],-8,1],["cc.Node",["_name","_id","_components","_parent","_contentSize","_trs","_children"],1,9,1,5,7,2],["cc.Sprite",["_sizeMode","_type","_isTrimmedMode","_fillType","node","_materials","_spriteFrame"],-1,1,3,6],["cc.Node",["_name","_parent","_components","_contentSize","_trs","_children","_anchorPoint"],2,1,12,5,7,2,5],"cc.SpriteFrame",["cc.Layout",["_resize","_N$layoutType","_N$spacingY","node","_layoutSize"],0,1,5],["cc.SceneAsset",["_name","asyncLoadAssets"],1],["cc.Canvas",["_fitWidth","_fitHeight","node","_designResolution"],1,1,5],["58344Wt0/9B46BL4gzDOx27",["node","lbStatus","progressBar","target","errPrefab"],3,1,1,1,1,6],["cc.Button",["zoomScale","_N$transition","node","clickEvents","_normalMaterial"],1,1,9,6],["cc.ClickEvent",["_componentId","handler","target"],1,1],["36d3bCjkGZHWYcsLE8AZD6i",["node"],3,1],["cc.Scene",["_name","_active","_children","_anchorPoint","_trs"],1,2,5,7],["cc.AudioSource",["_loop","node","_clip"],2,1,6],["4944btraR1Ie5LcFnz0V/KE",["node"],3,1],["cc.LabelOutline",["_width","node","_color"],2,1,5],["cc.Camera",["_clearFlags","_depth","node"],1,1],["cc.ProgressBar",["_N$totalLength","_N$progress","node","_N$barSprite"],1,1,1],["cc.Label",["_string","_fontSize","_lineHeight","_isSystemFontUsed","_N$horizontalAlign","_N$verticalAlign","node","_materials"],-3,1,3]],[[1,0,3,6,2,4,5,2],[3,0,1,2,3,4,2],[0,0,11,2],[2,1,0,4,5,3],[6,0,1,3],[1,0,1,6,2,4,5,3],[1,0,3,2,4,5,2],[1,0,1,3,2,3],[1,0,3,2,4,2],[1,0,3,2,5,2],[3,0,1,5,2,3,4,2],[3,0,1,2,3,6,4,2],[7,0,1,2,3,3],[8,0,1,2,3,4,1],[0,0,1,4,2,5,6,7,3,11,9],[0,0,1,2,11,4],[0,0,8,11,3],[0,0,3,9,11,4],[0,0,1,11,3],[0,0,1,10,11,4],[2,1,0,4,5,6,3],[2,0,4,5,6,2],[2,0,3,2,4,5,6,4],[2,0,2,4,5,3],[5,0,1,2,3,4,4],[5,3,4,1],[9,0,1,2,3,4,3],[10,0,1,2,3],[11,0,1],[12,0,1,2,3,4,3],[13,0,1,2,2],[14,0,1],[15,0,1,2,2],[16,0,1,2,3],[17,0,1,2,3,3],[18,0,1,2,3,4,5,6,7,7]],[[[{"name":"bg_process","rect":[0,0,816,84],"offset":[0,0],"originalSize":[816,84],"capInsets":[0,0,0,0]}],[4],0,[0],[2],[1]],[[{"name":"bg_bar","rect":[0,0,480,60],"offset":[0,0],"originalSize":[480,60],"capInsets":[25,0,25,0]}],[4],0,[0],[2],[2]],[[[4,"login",null],[5,"Canvas","57Kw70S9ZEKaTf2USCLVcV",[-7,-8,-9,-10],[[12,true,false,-1,[5,1125,2436]],[13,-5,-4,-3,-2,12],[2,45,-6]],[5,1125,2436],[562.5,1218,0,0,0,0,1,1,1,1]],[0,"layout",1,[-14,-15],[[3,1,0,-11,[11]],[24,1,2,24,-12,[5,825,193.6]],[14,44,150,150,0.7694909688013136,0.05,false,false,200,-13]],[5,825,193.6],[0,-999.4000000000001,0,0,0,0,1,1,1,1]],[10,"progressBar",2,[-19,-20],[[[20,1,0,-16,[8],9],-17,[2,16,-18]],4,1,4],[5,816,84],[0,54.8,0,0,0,0,1,1,1,1]],[6,"back",1,[[21,0,-21,[3],4],[15,9,24,90,-22],[26,0.8,3,-23,[[27,"58344Wt0/9B46BL4gzDOx27","onBtnBackClick",1]],5],[28,-24]],[5,120,120],[-478.5,1068,0,0,0,0,1,1,1,0]],[0,"layout_process",3,[-27],[[16,32,255,-25],[25,-26,[5,96,96]]],[5,96,96],[360,0,0,0,0,0,1,1,1,1]],[29,"New Node",false,[-28,1],[0,0,0],[0,0,0,0,0,0,1,1,1,1]],[7,"GameRoot","8cbYPDIKpEjrD9ANKEw/81",6,[[30,true,-29,0],[31,-30]]],[8,"background",1,[[22,0,1,false,-31,[1],2],[17,1,1125,2436,-32]],[5,1125,2436]],[11,"bar",3,[[-33,[18,8,12,-34]],1,4],[5,79,60],[0,0,0.5],[-396,0,0,0,0,0,1,1,1,1]],[1,"target",5,[[-35,[19,2,6,-2,-36]],1,4],[5,90,90],[-700,-2,0,0,0,0,1,1,1,1]],[1,"loadingStatus",2,[[-37,[32,5,-38,[4,4278857828]]],1,4],[5,666.21,85.6],[0,-54,0,0,0,0,1,1,1,1]],[9,"Main Camera",1,[[33,7,-1,-39]],[0,0,247.68326548234947,0,0,0,1,1,1,1]],[3,1,0,9,[6]],[23,0,false,10,[7]],[34,790,0.1,3,13],[35,"Gieo hạt, chăm cây, thu quà to",48,60,false,1,1,11,[10]]],0,[0,0,1,0,3,14,0,4,15,0,5,16,0,0,1,0,0,1,0,-1,12,0,-2,8,0,-3,4,0,-4,2,0,0,2,0,0,2,0,0,2,0,-1,3,0,-2,11,0,0,3,0,-2,15,0,0,3,0,-1,9,0,-2,5,0,0,4,0,0,4,0,0,4,0,0,4,0,0,5,0,0,5,0,-1,10,0,-1,7,0,0,7,0,0,7,0,0,8,0,0,8,0,-1,13,0,0,9,0,-1,14,0,0,10,0,-1,16,0,0,11,0,0,12,0,6,6,1,7,6,39],[0,0,0,0,0,0,0,0,0,0,0,0,0,13,14,16],[8,-1,1,-1,1,9,-1,-1,-1,1,-1,-1,10,1,1,11],[3,0,4,0,5,0,0,0,0,6,0,0,7,8,9,10]]]]