[1,["00dyRHJDdJNLfoJwx9Jg5w","49HLIFDTZOfr11Nnsa/ab6"],["_textureSetter"],["cc.SpriteFrame",["cc.AnimationClip",["_name","_duration","sample","speed","wrapMode","curveData"],-2,11]],[[1,0,1,2,3,4,5,6]],[[[{"name":"up_arrow","rect":[3,1,42,22],"offset":[0,-0.5],"originalSize":[48,23],"capInsets":[0,0,0,0]}],[0],0,[0],[0],[0]],[[{"name":"btn_thuhoach","rect":[0,0,552,108],"offset":[0,0],"originalSize":[552,108],"capInsets":[0,0,0,0]}],[0],0,[0],[0],[1]],[[[0,"tree_reward",0.35714285714285715,14,0.6,0,[{},"props",11,[{},"scale",12,[[[{"frame":0},"value",8,[0,0,0]],[{"frame":0.14285714285714285},"value",8,[0,1.1,1.1]],[{"frame":0.2857142857142857},"value",8,[0,0.9,0.9]],[{"frame":0.35714285714285715},"value",8,[0,1,1]]],11,11,11,11]]]]],0,0,[],[],[]]]]