[1,["ecpdLyjvZBwrvm+cedCcQy","26P0JJnz1DZr6AnOll5SY3","7boPcMrL1AN7bT0UwiNXxg","90S2dmULJN/ZSgNDAuiuhV","c4rtlOLOJI/qmTC2MLVH0p","cbwuep4ipA2ZpDzd5iTGdZ","4aS6UFYQxE4rAhuZRLNUvY","22+w+U44VAFLxH+ZLADZ/U","c5xflto1hCE7B7RS7eOjXe","f9gnnghyFGZ7ltrWI9PyOW","3czgcyh79KLaBARF1wQimA","55J9ueNBhFrZ7WxuOODtrf","cdeC+9EHNGHKHHRwinrzPb","89MVM/W9VCuon5oXS9OI+a","b02YuMtyVNYY488JsYi9j4","8c3nGacPxN8ad6h013It/M","e0qQZ8UXJJIoWvKJvYsmuw","1fboX4VOdLmp01azSF8Kdh","8aFv7dCCNCJolRIFIxpaYQ","d6a/KibXFBlrnjJLDssZaD"],["node","_spriteFrame","_normalMaterial","_textureSetter","_N$target","layuotFarm","bg","spSoundSwitch","scene","_parent","imgSwitchOpen","imgSwitchClose","dayFrame","nightFrame","onboardPb","slotPb","bottomSheetPb","newItemCtaPb"],[["cc.Widget",["_alignFlags","_left","_originalWidth","_right","_bottom","_top","_originalHeight","node"],-4,1],["cc.Sprite",["_sizeMode","_type","_isTrimmedMode","node","_materials","_spriteFrame"],0,1,3,6],["cc.Node",["_name","_id","_components","_contentSize","_trs","_parent","_children"],1,9,5,7,1,2],["cc.Layout",["_resize","_N$layoutType","_N$spacingX","_N$spacingY","_N$paddingTop","node","_layoutSize"],-2,1,5],"cc.SpriteFrame",["cc.Button",["zoomScale","_N$transition","node","clickEvents","_normalMaterial","_N$target"],1,1,9,6,1],["cc.SceneAsset",["_name","asyncLoadAssets"],1],["cc.Node",["_name","_parent","_components","_contentSize","_trs"],2,1,12,5,7],["cc.Node",["_name","_parent","_components","_contentSize","_anchorPoint"],2,1,2,5,5],["cc.Canvas",["_fitWidth","_fitHeight","node","_designResolution"],1,1,5],["8f0e2+2cNNGtrq6dIi7P8uB",["node","spSoundSwitch","bg","layuotFarm","imgSwitchOpen","imgSwitchClose","dayFrame","nightFrame","onboardPb","slotPb","bottomSheetPb","newItemCtaPb"],3,1,1,1,1,6,6,6,6,6,6,6,6],["cc.ClickEvent",["_componentId","handler","target"],1,1],["36d3bCjkGZHWYcsLE8AZD6i",["node"],3,1],["cc.Scene",["_name","_active","_children","_anchorPoint","_trs"],1,2,5,7],["cc.Camera",["_clearFlags","_depth","node"],1,1]],[[2,0,5,2,3,4,2],[11,0,1,2,3],[12,0,1],[1,0,2,3,4,5,3],[5,0,1,2,3,4,3],[2,0,5,6,2,3,4,2],[7,0,1,2,3,4,2],[5,0,1,2,3,5,4,3],[6,0,1,3],[2,0,1,6,2,3,4,3],[2,0,5,2,4,2],[2,0,5,2,3,2],[8,0,1,2,3,4,2],[9,0,1,2,3,3],[10,0,1,2,3,4,5,6,7,8,9,10,11,1],[0,0,7,2],[0,0,1,3,4,2,7,6],[0,0,5,7,3],[0,0,1,5,7,4],[0,0,1,3,5,2,7,6],[0,0,1,3,4,2,6,7,7],[0,0,4,2,7,4],[3,0,1,2,5,6,4],[3,0,1,3,5,6,4],[3,4,5,6,2],[1,1,0,3,4,3],[1,0,3,4,5,2],[1,1,3,4,5,2],[1,3,4,1],[1,3,4,5,1],[1,0,3,4,2],[13,0,1,2,3,4,3],[14,0,1,2,3]],[[[{"name":"im_80color_gami_common_sound_on","rect":[12,12,296,296],"offset":[0,0],"originalSize":[320,320],"capInsets":[0,0,0,0]}],[4],0,[0],[3],[3]],[[{"name":"im_80color_gami_common_sound_off","rect":[12,12,296,296],"offset":[0,0],"originalSize":[320,320],"capInsets":[0,0,0,0]}],[4],0,[0],[3],[4]],[[[8,"main",null],[9,"Canvas","8eSIq+H2pF86Bi9QdQi7qb",[-7,-8,-9,-10,-11,-12,-13,-14,-15],[[13,true,false,-1,[5,1125,2436]],[14,-5,-4,-3,-2,28,29,30,31,32,33,34,35],[15,45,-6]],[5,1125,2436],[562.5,1218,0,0,0,0,1,1,1,1]],[5,"bottomMenu",1,[-18,-19,-20,-21],[[22,1,1,42,-16,[5,1086,192]],[16,44,19.5,19.5,197,200,-17]],[5,1086,192],[0,-925,0,0,0,0,1,1,1,1]],[5,"rightMenu",1,[-25,-26],[[25,1,0,-22,[13]],[23,1,2,10,-23,[5,200,310]],[17,33,90,-24]],[5,200,310],[462.5,973,0,0,0,0,1,1,1,1]],[0,"back",1,[[26,0,-27,[5],6],[18,9,24,90,-28],[4,0.8,3,-29,[[1,"8f0e2+2cNNGtrq6dIi7P8uB","onBtnBackClick",1]],7],[2,-30]],[5,120,120],[-478.5,1068,0,0,0,0,1,1,1,0]],[6,"btnSound",3,[[-31,[7,0.8,3,-33,[[1,"8f0e2+2cNNGtrq6dIi7P8uB","onBtnSoundClick",1]],-32,9],[2,-34]],1,4,4],[5,120,120],[0,95,0,0,0,0,1,1,1,0]],[0,"history",2,[[3,0,false,-35,[16],17],[7,0.85,3,-37,[[1,"8f0e2+2cNNGtrq6dIi7P8uB","onBtnHistoryClick",1]],-36,18],[2,-38]],[5,240,192],[-423,0,0,0,0,0,1,1,1,0]],[0,"guideLine",3,[[3,0,false,-39,[10],11],[4,0.8,3,-40,[[1,"8f0e2+2cNNGtrq6dIi7P8uB","onGuideLineClick",1]],12],[2,-41]],[5,200,180],[0,-65,0,0,0,0,1,0.7,0.7,0]],[0,"mission",2,[[3,0,false,-42,[19],20],[4,0.85,3,-43,[[1,"8f0e2+2cNNGtrq6dIi7P8uB","onBtnMissionClick",1]],21],[2,-44]],[5,240,192],[-141,0,0,0,0,0,1,1,1,0]],[0,"wareHouse",2,[[3,0,false,-45,[22],23],[4,0.85,3,-46,[[1,"8f0e2+2cNNGtrq6dIi7P8uB","onBtnWareHouseClick",1]],24],[2,-47]],[5,240,192],[141,0,0,0,0,0,1,1,1,0]],[0,"ranking",2,[[3,0,false,-48,[25],26],[4,0.85,3,-49,[[1,"8f0e2+2cNNGtrq6dIi7P8uB","onBtnRankingClick",1]],27],[2,-50]],[5,240,192],[423,0,0,0,0,0,1,1,1,0]],[0,"logo",1,[[3,0,false,-51,[3],4],[19,17,250.5,250.5,106.5,624,-52]],[5,543,243],[0,990,0,0,0,0,1,1,1,1]],[6,"layoutFarm",1,[[-53,[20,21,462.5,462.5,-72,200,150,-54]],1,4],[5,1125,2508],[0,-36,0,0,0,0,1,1,1,1]],[0,"footer",1,[[27,1,-55,[14],15],[21,44,-3,40,-56]],[5,1125,354],[0,-1044,0,0,0,0,1,1,1,1]],[31,"New Node",false,[1],[0,0,0],[0,0,0,0,0,0,1,1,1,1]],[10,"Main Camera",1,[[32,7,-1,-57]],[0,0,424.352447854375,0,0,0,1,1,1,1]],[12,"background",1,[-58],[5,1125,1218],[0,0.5,0]],[28,16,[0]],[11,"forceground",1,[[29,-59,[1],2]],[5,1125,2424]],[24,72,12,[5,1125,2508]],[30,0,5,[8]]],0,[0,0,1,0,5,19,0,6,17,0,7,20,0,0,1,0,0,1,0,-1,15,0,-2,16,0,-3,18,0,-4,11,0,-5,4,0,-6,12,0,-7,3,0,-8,13,0,-9,2,0,0,2,0,0,2,0,-1,6,0,-2,8,0,-3,9,0,-4,10,0,0,3,0,0,3,0,0,3,0,-1,5,0,-2,7,0,0,4,0,0,4,0,0,4,0,0,4,0,-1,20,0,4,5,0,0,5,0,0,5,0,0,6,0,4,6,0,0,6,0,0,6,0,0,7,0,0,7,0,0,7,0,0,8,0,0,8,0,0,8,0,0,9,0,0,9,0,0,9,0,0,10,0,0,10,0,0,10,0,0,11,0,0,11,0,-1,19,0,0,12,0,0,13,0,0,13,0,0,15,0,-1,17,0,0,18,0,8,14,1,9,14,59],[0,0,0,0,0,0,0,0,0,0,0,0,0,0,0,0,0,0,0,0,0,0,0,0,0,0,0,0,0,0,0,0,0,0,0,0,17,20],[-1,-1,1,-1,1,-1,1,2,-1,2,-1,1,2,-1,-1,1,-1,1,2,-1,1,2,-1,1,2,-1,1,2,10,11,12,13,14,15,16,17,1,1],[0,0,5,0,6,0,7,0,0,0,0,8,0,0,0,9,0,10,0,0,11,0,0,12,0,0,13,0,1,14,2,15,16,17,18,19,2,1]]]]