[1,["d2m2skMd5G3KzO9tyys87X","c5HdSibzNK8LtvQsQmcunf","9eUq2O0AZLeZ7cjZhwolVU","86+/JQ54tFZaPCH0wG1bz+","f1uIYwFfdPQoiAtdydRgZq","9aUodDHbBDaZx9B3gMD2uG","86AJ1EUbdAKbTNTFIZHRC9","d2umbGZ3pHw4IpkQw+fAfx","55+hpF+wlH54Rljp8M5Ogc","29Sow3485E0J1brZjmZ39J","eez1YQ31lGBozsNJmNE7+t","063YoxWulCEKeom/t9agzn"],["_textureSetter","value"],["cc.SpriteFrame",["cc.AnimationClip",["_name","_duration","sample","speed","wrapMode","curveData"],-2,11]],[[1,0,1,2,3,4,5,6]],[[[{"name":"Sparkle_00011","rect":[936,1188,468,594],"offset":[0,0],"originalSize":[468,594],"capInsets":[0,0,0,0]}],[0],0,[0],[0],[0]],[[{"name":"Sparkle_00009","rect":[0,1188,468,594],"offset":[0,0],"originalSize":[468,594],"capInsets":[0,0,0,0]}],[0],0,[0],[0],[0]],[[{"name":"Sparkle_00008","rect":[1404,594,468,594],"offset":[0,0],"originalSize":[468,594],"capInsets":[0,0,0,0]}],[0],0,[0],[0],[0]],[[[0,"1_Sparkle",0.55,20,0.6,2,[{"paths":{}},"comps",11,[{},"cc.Sprite",11,[{},"spriteFrame",12,[[[{"frame":0},"value",6,0],[{"frame":0.05},"value",6,1],[{"frame":0.1},"value",6,2],[{"frame":0.15},"value",6,3],[{"frame":0.2},"value",6,4],[{"frame":0.25},"value",6,5],[{"frame":0.3},"value",6,6],[{"frame":0.35},"value",6,7],[{"frame":0.4},"value",6,8],[{"frame":0.45},"value",6,9],[{"frame":0.5},"value",6,10]],11,11,11,11,11,11,11,11,11,11,11]]]]]],0,0,[0,0,0,0,0,0,0,0,0,0,0],[1,1,1,1,1,1,1,1,1,1,1],[1,2,3,4,5,6,7,8,9,10,11]],[[{"name":"Sparkle_00006","rect":[468,594,468,594],"offset":[0,0],"originalSize":[468,594],"capInsets":[0,0,0,0]}],[0],0,[0],[0],[0]],[[{"name":"Sparkle_00003","rect":[936,0,468,594],"offset":[0,0],"originalSize":[468,594],"capInsets":[0,0,0,0]}],[0],0,[0],[0],[0]],[[{"name":"Sparkle_00005","rect":[0,594,468,594],"offset":[0,0],"originalSize":[468,594],"capInsets":[0,0,0,0]}],[0],0,[0],[0],[0]],[[{"name":"Sparkle_00002","rect":[468,0,468,594],"offset":[0,0],"originalSize":[468,594],"capInsets":[0,0,0,0]}],[0],0,[0],[0],[0]],[[{"name":"Sparkle_00001","rect":[0,0,468,594],"offset":[0,0],"originalSize":[468,594],"capInsets":[0,0,0,0]}],[0],0,[0],[0],[0]],[[{"name":"Sparkle_00007","rect":[936,594,468,594],"offset":[0,0],"originalSize":[468,594],"capInsets":[0,0,0,0]}],[0],0,[0],[0],[0]],[[{"name":"Sparkle_00010","rect":[468,1188,468,594],"offset":[0,0],"originalSize":[468,594],"capInsets":[0,0,0,0]}],[0],0,[0],[0],[0]],[[{"name":"Sparkle_00004","rect":[1404,0,468,594],"offset":[0,0],"originalSize":[468,594],"capInsets":[0,0,0,0]}],[0],0,[0],[0],[0]]]]