[1,["8aX1vYm8NPwqFEht0/yiFl","ecpdLyjvZBwrvm+cedCcQy","93uw1FoD9G+7/HYPE2qpSO","0eJgkKe7FAupjDtccNo3ag","b7cphnnXtNAbs24wgdDzod","90bv3S41dDAakvrw0xu2iE","58Fcza8ytLB5K+Pd8qu+CS","ffMQ196CVKSoqODN4X0rrM","b58DNaHTJECKGqIVJ5wi6C"],["node","_textureSetter","root","floor","target","data","potPb","sparklePb","imgSwitchClock","imgSwitchUnLockAble","imgSwitchUnLock","imgSlotHighLight","_spriteFrame"],["cc.SpriteFrame",["cc.PrefabInfo",["fileId","root","asset"],2,1,1],["cc.Prefab",["_name"],2],["cc.Node",["_name","_children","_components","_prefab","_contentSize","_trs"],2,2,9,4,5,7],["cc.Node",["_name","_parent","_components","_prefab","_contentSize","_trs"],2,1,12,4,5,7],["ba437DTeWxGZYfCxON8YmAo",["node","floor","potPb","sparklePb","imgSwitchClock","imgSwitchUnLockAble","imgSwitchUnLock","imgSlotHighLight"],3,1,1,6,6,6,6,6,6],["cc.Button",["zoomScale","_N$transition","node","clickEvents"],1,1,9],["cc.ClickEvent",["_componentId","handler","target"],1,1],["cc.Widget",["_alignFlags","_originalWidth","node"],1,1],["cc.Sprite",["_sizeMode","node","_materials"],2,1,3]],[[2,0,2],[3,0,1,2,3,4,5,2],[4,0,1,2,3,4,5,2],[5,0,1,2,3,4,5,6,7,1],[6,0,1,2,3,3],[7,0,1,2,3],[1,1,2,1],[1,0,1,2,2],[8,0,1,2,3],[9,0,1,2,2]],[[[[0,"PrefabSlotUI"],[1,"prefabSlot",[-6],[[3,-3,-2,1,2,3,4,5,6],[4,0.85,3,-5,[[5,"ba437DTeWxGZYfCxON8YmAo","onItemSelected",-4]]]],[6,-1,0],[5,444,504],[0,0,0,0,0,0,1,1,1,0]],[2,"floor",1,[[-7,[8,44,444,-8]],1,4],[7,"deiMCnA1VLhJ9+Z3Kh7+e+",1,0],[5,444,291],[0,-106.5,0,0,0,0,1,1,1,1]],[9,0,2,[0]]],0,[0,2,1,0,3,3,0,0,1,0,4,1,0,0,1,0,-1,2,0,-1,3,0,0,2,0,5,1,8],[0,0,0,0,0,0,0,3],[-1,6,7,8,9,10,11,12],[1,2,3,0,4,5,6,0]],[[{"name":"bn_gami_onefarm_slot_available_highlight","rect":[3,222,439,281],"offset":[0.5,-110.5],"originalSize":[444,504],"capInsets":[0,0,0,0]}],[0],0,[0],[1],[7]],[[{"name":"bn_gami_onefarm_slot_unlock_able","rect":[0,224,444,277],"offset":[0,-110.5],"originalSize":[444,504],"capInsets":[0,0,0,0]}],[0],0,[0],[1],[8]]]]