[1,["ecpdLyjvZBwrvm+cedCcQy","f3RdHH1L1MX5ioi2hFW8hp","2cKrE3QGlKhLi7PX/shN/k","2ff5yCHF5LvrPpFwYHEAoj","e7q6FL+VZEgLJUjVeDLic/","81CwuLIQlI64uck4drgney","c31am0Ys1M5rrR86WbcpCx","97243e5b-17bc-46f4-9764-8d015bff1975@6c48a","3eS49yNE1H+4+6cJfH146B","c89Sx+qO5JYoIOomfPSwQx","2aQMnv06tO3JZB+2b6ReNf","51CdMwPZRFMqgcrCAG86e3","ccGw8q4ohAqIyls2hT86mq","f1r368rnZORZ+BSrQiZYL8","25j90GcWdPlIk5+YMhbaxR","49MJU1QIdISbm1lOHfbicw","b0lP7nMWBAR62OLX9WqUM1","59ma3JuYxFNJabVEErhOcH","20Dwz5rKFAQIuJJusm/zEo","01YUYjfyJOWqeeI0mTGidp","29FYIk+N1GYaeWH/q1NxQO","3ae7efMv1CLq2ilvUY/tQi","a5oeA94jhKWack6K8ZKCaN","bfRtXDfalCz6IDAlNC+ctO","fbMBwwOB9HvL4pYMVZXwl8"],["node","_spriteFrame","_N$file","_parent","_textureSetter","_N$target","_normalMaterial","root","addBtnSubmit","addLocation","addPhone","addName","cfmSliderHandleBtn","cfmSliderText","cfmSlider","cfmSource","cfmLabel","popupLabel","addressNode","emptyNode","loadingNode","confirmNode","data","_defaultClip","_N$normalSprite","_N$pressedSprite","_N$hoverSprite","_N$disabledSprite","_grayMaterial"],[["cc.Node",["_name","_opacity","_active","_prefab","_contentSize","_components","_parent","_trs","_color","_children"],0,4,5,9,1,7,5,2],["cc.Widget",["_alignFlags","_originalWidth","_left","_top","_right","_bottom","_originalHeight","_verticalCenter","node"],-5,1],["cc.Label",["_string","_isSystemFontUsed","_N$verticalAlign","_lineHeight","_fontSize","_N$horizontalAlign","_N$overflow","_enableWrapText","node","_materials","_N$file"],-5,1,3,6],["cc.Sprite",["_sizeMode","_type","_isTrimmedMode","node","_materials","_spriteFrame"],0,1,3,6],"cc.SpriteFrame",["cc.Layout",["_N$layoutType","_N$spacingY","_N$paddingTop","_resize","_N$verticalDirection","_N$affectedByScale","_N$paddingLeft","_N$paddingRight","_N$paddingBottom","_N$spacingX","node","_layoutSize"],-7,1,5],["cc.Button",["zoomScale","_N$transition","_N$enableAutoGrayEffect","node","_N$target","clickEvents","_normalMaterial","_N$pressedColor","_N$disabledColor"],0,1,1,9,6,5,5],["cc.Node",["_name","_opacity","_parent","_components","_prefab","_contentSize","_trs","_children","_color"],1,1,12,4,5,7,2,5],["cc.Node",["_name","_parent","_components","_prefab","_contentSize","_color","_trs"],2,1,2,4,5,5,7],["cc.Prefab",["_name"],2],["cc.Node",["_name","_active","_children","_components","_prefab","_contentSize"],1,12,9,4,5],["d3186sjIelPMaqdjFRroJAN",["node","confirmNode","loadingNode","emptyNode","addressNode","popupLabel","cfmLabel","cfmSource","cfmSlider","cfmSliderText","cfmSliderHandleBtn","addName","addPhone","addLocation","addBtnSubmit"],3,1,1,1,1,1,1,1,1,1,1,1,1,1,1,1],["cc.PrefabInfo",["fileId","root"],2,1],["36d3bCjkGZHWYcsLE8AZD6i",["node"],3,1],["cc.ClickEvent",["_componentId","handler","target"],1,1],["cc.BlockInputEvents",["node"],3,1],["cc.Animation",["playOnLoad","node","_clips","_defaultClip"],2,1,3,6],["cc.LabelOutline",["_width","node","_color"],2,1,5],["cc.Slider",["_N$progress","node","slideEvents","_N$handle"],2,1,9,1]],[[12,0,1,2],[0,0,6,9,5,3,4,7,2],[3,0,3,4,5,2],[14,0,1,2,3],[1,0,1,8,3],[1,0,2,4,3,5,1,6,8,8],[1,0,2,4,3,1,8,6],[3,1,0,3,4,5,3],[13,0,1],[0,0,6,5,3,4,7,2],[7,0,2,3,4,5,6,2],[8,0,1,2,3,5,4,6,2],[1,0,1,6,8,4],[1,0,2,3,8,4],[3,0,2,3,4,5,3],[0,0,9,5,3,4,7,2],[0,0,6,3,4,7,2],[0,0,6,5,3,4,2],[0,0,6,5,3,8,4,7,2],[10,0,1,2,3,4,5,3],[7,0,2,7,3,4,5,6,2],[3,1,0,3,4,3],[3,1,3,4,5,2],[6,0,1,3,5,4,6,3],[15,0,1],[2,0,4,7,1,5,2,8,9,10,7],[2,0,4,3,1,5,2,8,9,7],[9,0,2],[0,0,2,9,5,3,4,3],[0,0,5,3,8,4,7,2],[0,0,5,3,4,7,2],[0,0,1,6,5,3,8,4,3],[0,0,6,9,5,3,4,2],[0,0,1,6,5,3,8,4,7,3],[0,0,6,5,3,8,4,2],[7,0,1,2,3,4,8,5,6,3],[8,0,1,2,3,4,2],[1,0,3,5,1,6,8,6],[1,0,4,8,3],[1,0,2,4,5,1,8,6],[1,0,8,2],[1,0,3,1,8,4],[1,0,5,7,8,4],[1,0,2,8,3],[1,0,2,4,1,8,5],[11,0,1,2,3,4,5,6,7,8,9,10,11,12,13,14,1],[3,1,0,2,3,4,5,4],[3,0,2,3,4,3],[5,0,2,1,10,11,4],[5,0,4,5,10,11,4],[5,3,0,6,7,2,8,9,1,10,11,9],[5,3,0,1,10,11,4],[6,3,5,4,1],[6,0,2,1,3,7,8,4,4],[6,0,2,1,3,5,4,4],[2,0,4,3,1,5,2,8,9,10,7],[2,0,4,3,1,2,8,9,10,6],[2,0,4,3,1,5,2,6,8,9,10,8],[2,0,3,1,5,2,6,8,9,10,7],[2,0,3,1,5,2,6,8,9,7],[2,0,4,3,1,2,6,8,9,7],[2,0,1,2,6,8,9,5],[2,0,3,1,2,6,8,9,6],[16,0,1,2,3,2],[17,0,1,2,2],[18,0,1,2,3,2]],[[[{"name":"Btn_48_blue","rect":[0,0,240,144],"offset":[0,0],"originalSize":[240,144],"capInsets":[68,6,68,6]}],[4],0,[0],[4],[6]],[[[27,"ChangePhysicalPopupUI"],[15,"prefabPhysicalPopupUI",[-18,-19],[[4,45,1125,-2],[45,-17,-16,-15,-14,-13,-12,-11,-10,-9,-8,-7,-6,-5,-4,-3]],[0,"26BQ70JbxKKrH/BadLuLZB",-1],[5,1125,2436],[562.5,1218,0,0,0,0,1,1,1,1]],[19,"emptyLayout",false,[[-23,-24,[16,"spacing",-25,[0,"f3KgQHnTVKlJUf2icEHoDD",1],[5,40,3],[0,-32.099999999999994,0,0,0,0,1,1,1,1]],-26],1,1,4,1],[[7,1,0,-20,[41],42],[48,2,180,24,-21,[5,1125,834]],[37,40,-15,-15,200,834,-22]],[0,"29XkoPljFDRZgtMeqq6sgM",1],[5,1125,834]],[28,"confirmLayout",false,[-28,-29,-30,-31,-32],[[12,45,40,36,-27]],[0,"a3XRRxGh1IEakfDvpMzLeL",1],[5,1125,804]],[19,"addressLayout",false,[[-35,-36,[16,"spacing",-37,[0,"7b9Owt+fZMn4U/TO7vCuOc",1],[5,40,3],[0,-161.8,0,0,0,0,1,1,1,1]],-38],1,1,4,1],[[2,0,-33,[30],31],[12,45,1,772.4,-34]],[0,"c88FcWmdVHS5v0r8tFnF25",1],[5,1125,804]],[15,"body",[3,4,2,-41],[[2,0,-39,[47],48],[4,40,1,-40]],[0,"457McJvF5EIpH/wBPCeuyf",1],[5,1125,804],[0,-80.19999999999999,0,0,0,0,1,1,1,1]],[20,"btnSubmit",4,[-46],[[[7,1,0,-42,[28],29],[5,44,48,48,372,48,429,96,-43],[8,-44],-45],4,4,4,1],[0,"d3rvVCyadNGY8Dnh1oyUCq",1],[5,1029,142.1],[0,-282.95,0,0,0,0,1,1,1,1]],[1,"btnAdd",2,[-52],[[7,1,0,-47,[38],39],[5,40,48,48,372,-48,429,96,-48],[8,-49],[23,0.8,3,-51,[[3,"d3186sjIelPMaqdjFRroJAN","navigateToAddressScreen",1]],-50,40]],[0,"c87iUdQXpIp7QLyBl+UgRV",1],[5,1029,144],[0,-129.6,0,0,0,0,1,1,1,1]],[1,"layout",1,[5,-56],[[4,44,40,-53],[49,2,0,true,-54,[5,1125,964.4]],[24,-55]],[0,"8dieiCTsFGA4LeBrgFVR9R",1],[5,1125,964.4],[0,-735.8,0,0,0,0,1,1,1,1]],[29,"btnChange",[[55,"  Thay đổi",42,60,false,1,1,-57,[15],16],[38,34,48,-58],[52,-60,[[3,"d3186sjIelPMaqdjFRroJAN","navigateToAddressScreen",1]],-59],[8,-61]],[0,"137ErfCnJNta1kKeibjmsm",1],[4,4294929199],[5,185.85,75.6],[421.575,0,0,0,0,0,1,1,1,0]],[1,"addressLayout",4,[-65,-66],[[46,1,0,false,-62,[24],25],[50,1,3,48,48,36,36,36,12,-63,[5,1029,332.4]],[6,41,48,48,156,1125,-64]],[0,"2aJqq71INKSKg+y5CGgxP8",1],[5,1029,332.4],[0,79.80000000000001,0,0,0,0,1,1,1,1]],[1,"contentLayout",10,[-69,-70,-71],[[21,1,0,-67,[23]],[51,1,2,12,-68,[5,777,260.4]]],[0,"77XPxCHm9MQZYlS5CyVp7q",1],[5,777,260.4],[78,0,0,0,0,0,1,1,1,1]],[30,"back",[[2,0,-72,[49],50],[13,9,24,36,-73],[23,0.8,3,-75,[[3,"d3186sjIelPMaqdjFRroJAN","hide",1]],-74,51],[8,-76]],[0,"75Dx+QUiZChYmKj+KG1jcq",1],[5,120,120],[-478.5,0,0,0,0,0,1,1,1,1]],[20,"slider",3,[-79,-80],[[-77,[39,44,48,48,48,1029,-78]],1,4],[0,"13yqW3dLdLzIIj3k3sZOMo",1],[5,1029,192],[0,-258,0,0,0,0,1,1,1,1]],[1,"titleLayout",4,[-83,9],[[21,1,0,-81,[17]],[4,41,1125,-82]],[0,"dbsKD5xWJKppopyvpmpYH5",1],[5,1125,142.1],[0,330.95,0,0,0,0,1,1,1,1]],[17,"waitingUI",5,[[2,0,-84,[43],44],[63,true,-85,[46],45],[40,18,-86]],[0,"c3CctHUXVCc7hlBzHTvoHy",1],[5,288,288]],[1,"header",8,[12,-89],[[7,1,0,-87,[53],54],[41,41,-31.60000000000008,1125,-88]],[0,"eepwE31mxE26cZQ6Xu2C2F",1],[5,1125,192],[0,417.8,0,0,0,0,1,1,1,1]],[31,"bg",200,1,[[2,0,-90,[0],1],[12,45,2,2,-91],[24,-92]],[0,"6c5qOJBoRK2KlvMwz0Pq77",1],[4,4278190080],[5,1125,2436]],[10,"handle",13,[[[22,1,-93,[11],12],-94],4,1],[0,"25UEx5XsFM575rhgDSA9g6",1],[5,168,168],[-411.6,0,0,0,0,0,1,1,1,1]],[10,"label",16,[[-95,[64,4,-96,[4,4278526072]],[42,20,12,5,-97]],1,4,4],[0,"02SazQPGdLE7s9sx9NSi0J",1],[5,529.1,106.28],[0,-30.86,0,0,0,0,1,1,1,1]],[35,"title",178,3,[[-98,[6,41,48,48,25.4,1279.71,-99]],1,4],[0,"eeLfP1rPFLb4yLaz+NzOuw",1],[4,4278190080],[5,1029,135.6],[0,308.8,0,0,0,0,1,1,1,1]],[10,"sourceIcon",3,[[-100,[13,9,225,216,-101]],1,4],[0,"76Xw22UaBNR6bhxFbVcsb3",1],[5,240,240],[-217.5,66,0,0,0,0,1,1,1,1]],[9,"icon",3,[[14,0,false,-102,[4],5],[13,17,225,300,-103]],[0,"67X3b2tZ5JAa8MojxCfoMc",1],[5,72,72],[0,66,0,0,0,0,1,1,1,1]],[9,"targetIcon",3,[[14,0,false,-104,[6],7],[6,33,442.5,225,216,240,-105]],[0,"c0F+u3kyFPwYKo3Y7PuQts",1],[5,240,240],[217.5,66,0,0,0,0,1,1,1,1]],[32,"Background",13,[-107],[[22,1,-106,[9],10]],[0,"baON9jI6VKFpgtsXz+pfZt",1],[5,1029,192]],[53,1.1,true,3,18,[4,4294967295],[4,4294967295],18],[18,"title",14,[[56,"Giao đến",60,60,false,1,-108,[13],14],[43,10,43.2,-109]],[0,"0eVuW/9a5HCbniKOQH5lV3",1],[4,4282331426],[5,251.34,75.6],[-393.62999999999994,0,0,0,0,0,1,1,1,1]],[17,"Label",6,[[25,"Xác nhận giao",42,false,false,1,1,-110,[26],27],[5,18,464.5,464.5,51.05,48,100,40,-111]],[0,"276xAJ0nxMXpVRqwZHTZXx",1],[5,279.26,50.4]],[18,"label",2,[[57,"Bạn chưa cập nhật địa chỉ nào",48,60,false,1,1,2,-112,[32],33],[6,41,48,48,180,674.59,-113]],[0,"8fQ6j7h3dCs53V+XqEK6/V",1],[4,4282331426],[5,1029,84],[0,195,0,0,0,0,1,1,1,1]],[33,"label",120,2,[[58,"Bạn chưa có địa chỉ nào, vui lòng chọn Thêm địa chỉ mới để thêm địa chỉ ngay!",60,false,1,1,3,-114,[34],35],[44,40,48,48,1400.45,-115]],[0,"08FnIgyfhFvYKjeQVSbKbU",1],[4,4280422913],[5,1029,135.6],[0,61.2,0,0,0,0,1,1,1,1]],[34,"Label",7,[[25,"Thêm địa chỉ",48,false,false,1,1,-116,[36],37],[5,18,464.5,464.5,52,52,100,40,-117]],[0,"a3MJo7ENZOXq4WTxx+MriW",1],[4,4294929199],[5,290.5,50.4]],[59,"VinID sẽ đóng gói 3kg mận đào và nhờ shipper giao đến địa chỉ của bạn",60,false,1,1,3,20,[2]],[47,0,false,21,[3]],[36,"label",24,[-118],[0,"90j9oO3AhLEIeoFEdIwD+r",1],[5,494.88,75.6]],[26,"Trượt để xác nhận giao",48,60,false,1,1,33,[8]],[65,0.1,13,[[3,"d3186sjIelPMaqdjFRroJAN","onSliderHandle",1]],25],[9,"icon",10,[[14,0,false,-119,[18],19]],[0,"d2IIctxcJD6blu1Oo5jsIB",1],[5,120,120],[-406.5,70.19999999999999,0,0,0,0,1,1,1,1]],[11,"name",11,[-120],[0,"5eYGKepPhKHrdPp/XfSG48",1],[4,4282331426],[5,777,50.4],[0,104.99999999999999,0,0,0,0,1,1,1,1]],[60,"Nguyễn Văn A",48,60,false,1,2,37,[20]],[11,"phone",11,[-121],[0,"70gIDCXOxC55fyomPy6Nu7",1],[4,4287662208],[5,777,50.4],[0,42.59999999999998,0,0,0,0,1,1,1,1]],[61,"0909 999 999",false,1,2,39,[21]],[11,"address",11,[-122],[0,"02+hMIaeBD/Li4Y3yKUexY",1],[4,4287662208],[5,777,135.6],[0,-62.40000000000002,0,0,0,0,1,1,1,1]],[62,"28 Biz, Mạc Đỉnh Chi, Dakao, Q.1, Thành phố Hồ Chí Minh",60,false,1,3,41,[22]],[54,0.8,true,3,6,[[3,"d3186sjIelPMaqdjFRroJAN","submitAddress",1]],6],[26,"Xác nhận giao quả",60,78,false,1,1,19,[52]]],0,[0,7,1,0,0,1,0,8,43,0,9,42,0,10,40,0,11,38,0,12,25,0,13,34,0,14,35,0,15,32,0,16,31,0,17,44,0,18,4,0,19,2,0,20,15,0,21,3,0,0,1,0,-1,17,0,-2,8,0,0,2,0,0,2,0,0,2,0,-1,28,0,-2,29,0,3,2,0,-4,7,0,0,3,0,-1,20,0,-2,21,0,-3,22,0,-4,23,0,-5,13,0,0,4,0,0,4,0,-1,14,0,-2,10,0,3,4,0,-4,6,0,0,5,0,0,5,0,-4,15,0,0,6,0,0,6,0,0,6,0,-4,43,0,-1,27,0,0,7,0,0,7,0,0,7,0,5,7,0,0,7,0,-1,30,0,0,8,0,0,8,0,0,8,0,-2,16,0,0,9,0,0,9,0,5,9,0,0,9,0,0,9,0,0,10,0,0,10,0,0,10,0,-1,36,0,-2,11,0,0,11,0,0,11,0,-1,37,0,-2,39,0,-3,41,0,0,12,0,0,12,0,5,12,0,0,12,0,0,12,0,-1,35,0,0,13,0,-1,24,0,-2,18,0,0,14,0,0,14,0,-1,26,0,0,15,0,0,15,0,0,15,0,0,16,0,0,16,0,-2,19,0,0,17,0,0,17,0,0,17,0,0,18,0,-2,25,0,-1,44,0,0,19,0,0,19,0,-1,31,0,0,20,0,-1,32,0,0,21,0,0,22,0,0,22,0,0,23,0,0,23,0,0,24,0,-1,33,0,0,26,0,0,26,0,0,27,0,0,27,0,0,28,0,0,28,0,0,29,0,0,29,0,0,30,0,0,30,0,-1,34,0,0,36,0,-1,38,0,-1,40,0,-1,42,0,22,1,2,3,5,3,3,5,4,3,5,5,3,8,9,3,14,12,3,16,122],[0,0,0,0,0,0,0,0,0,0,0,0,0,0,0,0,0,0,0,0,0,0,0,0,0,0,0,0,0,0,0,0,0,0,0,0,0,0,0,0,0,0,0,0,0,0,0,0,0,0,0,0,0,0,0,31,32,34,25,25,25,25,38,40,42,43,43,44],[-1,1,-1,-1,-1,1,-1,1,-1,-1,1,-1,1,-1,2,-1,2,-1,-1,1,-1,-1,-1,-1,-1,1,-1,2,-1,1,-1,1,-1,2,-1,2,-1,2,-1,1,6,-1,1,-1,1,23,-1,-1,1,-1,1,6,-1,-1,1,2,1,2,24,25,26,27,2,2,2,6,28,2],[0,7,0,0,0,8,0,9,0,0,10,0,11,0,1,0,2,0,0,12,0,0,0,0,0,13,0,1,0,14,0,3,0,1,0,2,0,1,0,15,0,0,3,0,16,5,5,0,3,0,17,0,0,0,18,2,19,2,4,4,4,20,1,2,2,0,21,1]],[[{"name":"im_80color_delivery_search","rect":[15,6,209,228],"offset":[-0.5,0],"originalSize":[240,240],"capInsets":[0,0,0,0]}],[4],0,[0],[4],[22]],[[{"name":"ic_location","rect":[0,0,120,120],"offset":[0,0],"originalSize":[120,120],"capInsets":[0,0,0,0]}],[4],0,[0],[4],[23]],[[{"name":"bg_frame_rounded_12","rect":[0,0,192,192],"offset":[0,0],"originalSize":[192,192],"capInsets":[36,36,36,36]}],[4],0,[0],[4],[24]]]]