[1,["ecpdLyjvZBwrvm+cedCcQy","d608qFRoFHwbXd0Dap056i","61cyPdEfRN047sDK9rO0W5","5f5dyqtRNNxaFmVzYns6FZ","5cO7kybDxGj4ipyMYdRYZB","2ff5yCHF5LvrPpFwYHEAoj"],["node","_spriteFrame","_textureSetter","root","spriteBg","scrollView","data","_parent","_N$verticalScrollBar"],[["cc.Node",["_name","_objFlags","_components","_prefab","_contentSize","_children","_trs","_parent"],1,9,4,5,2,7,1],["cc.Widget",["_alignFlags","_originalWidth","_originalHeight","alignMode","_left","node"],-2,1],"cc.SpriteFrame",["cc.Node",["_name","_objFlags","_parent","_children","_components","_prefab","_contentSize","_trs"],1,1,2,12,4,5,7],["cc.PrefabInfo",["fileId","root","asset"],2,1,1],["cc.Sprite",["_type","_sizeMode","node","_materials","_spriteFrame"],1,1,3,6],["cc.Prefab",["_name"],2],["cc.Node",["_name","_objFlags","_parent","_components","_prefab","_contentSize","_anchorPoint"],1,1,2,4,5,5],["b4704jABnVFcZpz0HwOBXrB",["node","scrollView","spriteBg"],3,1,1,1],["cc.Layout",["_resize","_N$layoutType","node","_layoutSize"],1,1,5],["cc.Mask",["_N$alphaThreshold","node","_materials"],2,1,3],["cc.ScrollView",["horizontal","bounceDuration","_N$horizontalScrollBar","node","_N$content"],0,1,1],["cc.Scrollbar",["_N$direction","node","_scrollView","_N$handle"],2,1,1,1]],[[4,0,1,2,2],[1,0,1,2,5,4],[5,0,1,2,3,3],[6,0,2],[0,0,1,5,2,3,4,6,3],[0,0,1,2,3,4,3],[0,0,1,7,5,2,3,4,3],[3,0,1,2,3,4,5,6,3],[3,0,1,2,3,4,5,6,7,3],[7,0,1,2,3,4,5,6,3],[8,0,1,2,1],[1,3,0,4,2,5,5],[1,0,1,5,3],[4,1,2,1],[5,0,1,2,3,4,3],[9,0,1,2,3,3],[10,0,1,2,2],[11,0,1,2,3,4,4],[12,0,1,2,3,2]],[[[{"name":"default_scrollbar_vertical","rect":[0,0,15,30],"offset":[0,0],"originalSize":[15,30],"capInsets":[4,10,4,10]}],[2],0,[0],[2],[1]],[[{"name":"default_scrollbar_vertical_bg","rect":[0,0,15,30],"offset":[0,0],"originalSize":[15,30],"capInsets":[4,10,4,10]}],[2],0,[0],[2],[2]],[[[3,"SimpleScrollViewUI"],[4,"simpleScrollViewPrefab",512,[-6],[[10,-4,-3,-2],[1,45,1125,2436,-5]],[13,-1,0],[5,1125,2436],[562.5,1218,0,0,0,0,1,1,1,1]],[7,"scrollview",512,1,[-10,-11],[[-7,-8,[1,45,240,250,-9]],1,1,4],[0,"dbLXkU3AhEY5u2mp4TzPT1",1,0],[5,1125,2436]],[8,"scrollBar",512,2,[-15],[[-12,[11,0,37,350.07654921020657,237,-13],[14,1,0,-14,[2],3]],1,4,4],[0,"c1spT39NJHRqoAupjIQ8B7",1,0],[5,12,2436],[556.5,0,0,0,0,0,1,1,1,1]],[5,"content",512,[[15,1,2,-16,[5,1125,2436]],[12,41,1125,-17]],[0,"eahjwoxQlD7rJrzT6NIQIx",1,0],[5,1125,2436]],[6,"view",512,2,[4],[[16,0,-18,[1]],[1,45,240,250,-19]],[0,"2ddWryV3NLxYvQqcx21fCZ",1,0],[5,1125,2436]],[17,false,0.3,null,2,4],[9,"bar",512,3,[-20],[0,"b1dq2C24pMhoZACsCPlXIZ",1,0],[5,10,30],[0,0.5,0]],[2,1,0,7,[0]],[18,1,3,6,8],[2,1,0,2,[4]]],0,[0,3,1,0,4,10,0,5,6,0,0,1,0,0,1,0,-1,2,0,-1,10,0,-2,6,0,0,2,0,-1,3,0,-2,5,0,-1,9,0,0,3,0,0,3,0,-1,7,0,0,4,0,0,4,0,0,5,0,0,5,0,-1,8,0,6,1,4,7,5,6,8,9,20],[0,0,0,0,0,8,10],[-1,-1,-1,1,-1,1,1],[0,0,0,3,0,4,5]]]]