[1,["6dxuwcwcNORa5mf8pVgjxm"],["_textureSetter"],["cc.SpriteFrame"],0,[[[{"name":"Comp 1_00006","rect":[1000,500,500,500],"offset":[0,0],"originalSize":[500,500],"capInsets":[0,0,0,0]}],[0],0,[0],[0],[0]],[[{"name":"Comp 1_00001","rect":[500,0,500,500],"offset":[0,0],"originalSize":[500,500],"capInsets":[0,0,0,0]}],[0],0,[0],[0],[0]],[[{"name":"Comp 1_00007","rect":[1500,500,500,500],"offset":[0,0],"originalSize":[500,500],"capInsets":[0,0,0,0]}],[0],0,[0],[0],[0]],[[{"name":"Comp 1_00011","rect":[1500,1000,500,500],"offset":[0,0],"originalSize":[500,500],"capInsets":[0,0,0,0]}],[0],0,[0],[0],[0]],[[{"name":"Comp 1_00009","rect":[500,1000,500,500],"offset":[0,0],"originalSize":[500,500],"capInsets":[0,0,0,0]}],[0],0,[0],[0],[0]],[[{"name":"Comp 1_00004","rect":[0,500,500,500],"offset":[0,0],"originalSize":[500,500],"capInsets":[0,0,0,0]}],[0],0,[0],[0],[0]],[[{"name":"Comp 1_00010","rect":[1000,1000,500,500],"offset":[0,0],"originalSize":[500,500],"capInsets":[0,0,0,0]}],[0],0,[0],[0],[0]],[[{"name":"Comp 1_00000","rect":[0,0,500,500],"offset":[0,0],"originalSize":[500,500],"capInsets":[0,0,0,0]}],[0],0,[0],[0],[0]],[[{"name":"Comp 1_00002","rect":[1000,0,500,500],"offset":[0,0],"originalSize":[500,500],"capInsets":[0,0,0,0]}],[0],0,[0],[0],[0]],[[{"name":"Comp 1_00003","rect":[1500,0,500,500],"offset":[0,0],"originalSize":[500,500],"capInsets":[0,0,0,0]}],[0],0,[0],[0],[0]],[[{"name":"Comp 1_00008","rect":[0,1000,500,500],"offset":[0,0],"originalSize":[500,500],"capInsets":[0,0,0,0]}],[0],0,[0],[0],[0]],[[{"name":"Comp 1_00005","rect":[500,500,500,500],"offset":[0,0],"originalSize":[500,500],"capInsets":[0,0,0,0]}],[0],0,[0],[0],[0]]]]