[1,["ecpdLyjvZBwrvm+cedCcQy","3ae7efMv1CLq2ilvUY/tQi","f3RdHH1L1MX5ioi2hFW8hp","2cKrE3QGlKhLi7PX/shN/k","f9DcVS91ROiJlH0nDXLK7F","4bNnhIFoNEVqiedlzwfUWf","01YUYjfyJOWqeeI0mTGidp","63hqUe6+9LspoQEBMob6Rp"],["node","_spriteFrame","_N$file","root","btnBg","btn","expired","title","icon","bg","_parent","data","grayscale","_normalMaterial","_textureSetter"],[["cc.Widget",["_alignFlags","_originalWidth","_left","_right","_originalHeight","_bottom","node"],-3,1],["cc.Node",["_name","_parent","_components","_prefab","_contentSize","_trs","_children","_color"],2,1,12,4,5,7,12,5],["cc.Node",["_name","_prefab","_contentSize","_children","_components","_parent","_trs"],2,4,5,2,9,1,7],["cc.Layout",["_resize","_N$layoutType","_N$spacingY","_N$verticalDirection","_N$affectedByScale","_N$paddingTop","_N$paddingBottom","node","_layoutSize"],-4,1,5],["cc.Label",["_string","_fontSize","_lineHeight","_isSystemFontUsed","_N$overflow","_N$verticalAlign","node","_materials"],-3,1,3],["cc.Sprite",["_sizeMode","_isTrimmedMode","node","_materials"],1,1,3],"cc.SpriteFrame",["cc.Prefab",["_name"],2],["4161fPzBBJLhrRzTW6QvMNF",["node","bg","icon","title","expired","btn","btnBg","grayscale"],3,1,1,1,1,1,1,1,6],["cc.PrefabInfo",["fileId","root"],2,1],["36d3bCjkGZHWYcsLE8AZD6i",["node"],3,1],["cc.Button",["zoomScale","_N$transition","node","clickEvents","_N$target"],1,1,9,1],["cc.ClickEvent",["_componentId","handler","target"],1,1]],[[9,0,1,2],[1,0,1,2,3,4,5,2],[1,0,1,2,3,7,4,5,2],[0,0,2,3,1,6,5],[5,0,2,3,2],[7,0,2],[2,0,3,4,1,2,2],[2,0,5,1,2,6,2],[1,0,1,6,2,3,4,5,2],[8,0,1,2,3,4,5,6,7,1],[3,0,1,2,3,4,7,8,6],[3,0,1,5,6,2,7,8,6],[0,0,1,4,6,4],[0,0,2,3,5,1,6,6],[0,0,2,6,3],[10,0,1],[4,0,1,2,3,4,6,7,6],[4,0,1,2,3,5,4,6,7,7],[5,0,1,2,3,3],[11,0,1,2,3,4,3],[12,0,1,2,3]],[[[[5,"WHItemSeedRemoveUI"],[6,"whSeedItemRemovePrefab",[-10,-11],[[9,-8,-7,-6,-5,-4,-3,-2,5],[10,1,2,-144,0,true,-9,[5,501,564]]],[0,"d5NwXSkApHeLLd21rhMLzI",-1],[5,501,564]],[8,"bg",1,[[-15,-16,[7,"spacing",-17,[0,"e7hbKIjqZHkZAIsRCxvlBH",1],[5,40,12],[0,-108,0,0,0,0,1,1,1,1]],-18],1,1,4,1],[[-12,[12,40,501,504,-13],[11,1,2,168,36,12,-14,[5,501,516]]],1,4,4],[0,"9brjstJjpFCqZlLhmz6QIw",1],[5,501,516],[0,-24,0,0,0,0,1,1,1,1]],[1,"btn_action",2,[[-19,[13,44,36,36,36.000000000000014,429,-20],[15,-21],-22],1,4,4,1],[0,"86u32K7ehEn6RltIpI6OZD",1],[5,429,96],[0,-174,0,0,0,0,1,1,1,1]],[2,"name",2,[[-23,[3,40,36,36,184.55,-24]],1,4],[0,"eflOUMo0FAab2NeVRjr/+W",1],[4,4278190080],[5,429,120],[0,30,0,0,0,0,1,1,1,1]],[2,"description",2,[[-25,[3,40,36,36,625.07,-26]],1,4],[0,"8dbxL++eNBBpK6JfxpbpjZ",1],[4,4278797443],[5,429,48],[0,-66,0,0,0,0,1,1,1,1]],[1,"seed",1,[[-27,[14,9,36,-28]],1,4],[0,"de8mcbGhBHAaqhUy5ZVgGn",1],[5,192,192],[-118.5,186,0,0,0,0,1,1,1,1]],[16,"Măng cụt",42,60,false,2,4,[0]],[17,"Hạn dùng: còn 1 ngày",36,36,false,1,2,5,[1]],[4,0,3,[2]],[19,0.8,3,3,[[20,"4161fPzBBJLhrRzTW6QvMNF","onButtonClear",1]],3],[18,0,false,2,[3]],[4,0,6,[4]]],0,[0,3,1,0,4,9,0,5,10,0,6,8,0,7,7,0,8,12,0,9,11,0,0,1,0,0,1,0,-1,2,0,-2,6,0,-1,11,0,0,2,0,0,2,0,-1,4,0,-2,5,0,10,2,0,-4,3,0,-1,9,0,0,3,0,0,3,0,-4,10,0,-1,7,0,0,4,0,-1,8,0,0,5,0,-1,12,0,0,6,0,11,1,28],[0,0,0,0,0,0,7,8,9,10,11,12],[-1,-1,-1,-1,-1,12,2,2,1,13,1,1],[0,0,0,0,0,1,2,3,4,0,5,6]],[[{"name":"btn_secondary_red_clear_seed","rect":[0,0,429,96],"offset":[0,0],"originalSize":[429,96],"capInsets":[0,0,0,0]}],[6],0,[0],[14],[7]]]]