[1,["ecpdLyjvZBwrvm+cedCcQy","49fv4CdDBODIf5wftoczvg","2bk6Vz6fRENKSkYnIVA/Gk","f3RdHH1L1MX5ioi2hFW8hp","67p6PmCMhLkaCiiD6rjcBu","80JEYBCp5Or5XI9ESuNshN","f1OjDb8FxF040X5bKpaCje","eaW/ozejNKQo+olICTa1Q4","abiU5vb5pMAr5hxhTzi0H6","c0cYLWmBhHhb4q3Q0JD5Kd","54q+eVARBNgaMEG3+23Xx3","567Dn8NXhOV4n1X7LCApUN","7bxe1iql9G/rNfhcLs7L8l","41ANPphnJARICYWSHdOhcz","3ae7efMv1CLq2ilvUY/tQi","02yZnE/j5PLrR2Vv3o0xxC","75nZCHE3tJTr3MYMol3uHc","02H80fNNlG8LENzpgq2CPr","b3xUJwxG5MTKEsdCiVO7Vu","0eJgkKe7FAupjDtccNo3ag","29ISWAQ8dD85HStdOxTwHP","47WXnaBsFLVY9yCJ/z3FtV","f5J/qu5G9IjqLzhd1SmhLO","f3xXAGPmVLqJouYwL7RG99"],["node","_textureSetter","_spriteFrame","_N$file","root","healthyLabel","healthyIcon","healthyNode","progressBarLabel","progressBar","fruit","suggest","emptySeedPacket","tree","pot","icon","label","data","normal","grayscale","suggetShovel","wateringFrame","happyIcon","sadIcon","flarePb","sparklePb","emptySpriteFrame","unlockSpriteFrame"],["cc.SpriteFrame",["cc.Widget",["_alignFlags","_bottom","_left","_right","_originalHeight","_originalWidth","_top","node"],-4,1],["cc.Sprite",["_sizeMode","_type","_isTrimmedMode","_fillRange","node","_materials","_spriteFrame"],-1,1,3,6],["cc.Node",["_name","_opacity","_components","_prefab","_contentSize","_parent","_children","_trs","_anchorPoint","_color"],1,9,4,5,1,2,7,5,5],["cc.Node",["_name","_parent","_components","_prefab","_contentSize","_trs","_children","_anchorPoint"],2,1,12,4,5,7,2,5],["cc.PrefabInfo",["fileId","root","asset"],2,1,1],["cc.Prefab",["_name"],2],["6568aDdPmJNSLt89PX3yem3",["node","pot","tree","emptySeedPacket","suggest","fruit","progressBar","progressBarLabel","healthyNode","healthyIcon","healthyLabel","normal","grayscale","suggetShovel","wateringFrame","happyIcon","sadIcon","flarePb","sparklePb","emptySpriteFrame","unlockSpriteFrame"],3,1,1,1,1,1,1,1,1,1,1,1,6,6,6,6,6,6,6,6,6,6],["82a0cH4aF1KTZfwTHd2jYVz",["node","label","icon"],3,1,1,1],["cc.Label",["_string","_fontSize","_lineHeight","_isSystemFontUsed","_N$verticalAlign","_N$overflow","node","_materials"],-3,1,3],["cc.ProgressBar",["_N$totalLength","node","_N$barSprite"],2,1,1]],[[5,0,1,2,2],[4,0,1,2,3,4,5,2],[1,0,1,7,3],[2,0,2,4,5,3],[4,0,1,2,3,4,7,5,2],[1,0,2,7,3],[2,1,0,4,5,3],[9,0,1,2,3,4,5,6,7,7],[6,0,2],[3,0,6,2,3,4,2],[3,0,5,6,2,3,4,7,2],[3,0,5,2,3,4,8,7,2],[3,0,1,5,2,3,9,4,3],[4,0,1,6,2,3,4,5,2],[7,0,1,2,3,4,5,6,7,8,9,10,11,12,13,14,15,16,17,18,19,20,1],[5,1,2,1],[8,0,1,2,1],[1,0,2,3,1,5,7,6],[1,0,3,1,7,4],[1,0,3,6,1,4,7,6],[1,0,6,1,5,4,7,6],[1,0,2,6,1,4,7,6],[1,0,2,3,5,4,7,6],[2,1,0,4,5,6,3],[2,0,2,4,5,6,3],[2,1,0,3,4,5,6,4],[2,0,4,5,2],[10,0,1,2,2]],[[[{"name":"im_80color_gami_onefarm_emoji_yeu","rect":[4,0,241,241],"offset":[-0.5,0],"originalSize":[250,241],"capInsets":[0,0,0,0]}],[0],0,[0],[1],[4]],[[{"name":"im_64color_gami_onefarm_bubble_shovel","rect":[0,0,191,191],"offset":[0,0],"originalSize":[191,191],"capInsets":[0,0,0,0]}],[0],0,[0],[1],[5]],[[{"name":"unlock_stage","rect":[80,123,241,263],"offset":[-1.5,-42.5],"originalSize":[404,424],"capInsets":[0,0,0,0]}],[0],0,[0],[1],[6]],[[{"name":"im_80color_gami_onefarm_emoji_khoe","rect":[5,0,241,241],"offset":[0.5,0],"originalSize":[250,241],"capInsets":[0,0,0,0]}],[0],0,[0],[1],[7]],[[{"name":"pot_progress_bar_bg","rect":[0,0,132,42],"offset":[0,0],"originalSize":[132,42],"capInsets":[0,0,0,0]}],[0],0,[0],[1],[8]],[[{"name":"bn_gami_onefarm_plantpot_garden_defaut","rect":[9,2,175,183],"offset":[0.5,-1],"originalSize":[192,185],"capInsets":[0,0,0,0]}],[0],0,[0],[1],[9]],[[{"name":"bn_gami_onefarm_stage0_garden_noshadow","rect":[0,0,404,424],"offset":[0,0],"originalSize":[404,424],"capInsets":[0,0,0,0]}],[0],0,[0],[1],[10]],[[{"name":"im_64color_gami_onefarm_waterpot","rect":[0,0,190,191],"offset":[-0.5,0],"originalSize":[191,191],"capInsets":[0,0,0,0]}],[0],0,[0],[1],[11]],[[[8,"PrefabPotUI"],[9,"PrefabPot",[-13,-14,-15,-16,-17,-18,-19],[[14,-12,-11,-10,-9,-8,-7,-6,-5,-4,-3,-2,14,15,16,17,18,19,20,21,22,23]],[15,-1,0],[5,444,504]],[10,"healthyUI",1,[-24,-25,-26],[[16,-22,-21,-20],[17,36,-340.5,24,84,1125,-23]],[0,"682nZ8qhhEdK3FJ0e6whPK",1,0],[5,132,48],[132,-144,0,0,0,0,1,1,1,1]],[13,"progressBar",1,[-30,-31],[[[23,1,0,-27,[12],13],-28,[18,36,24,24,-29]],4,1,4],[0,"3bUxVHIZVDJoHllMKmVI0x",1,0],[5,132,42],[132,-207,0,0,0,0,1,1,1,1]],[11,"seedpacket",1,[[24,0,false,-32,[2],3],[2,20,186,-33]],[0,"6cZzTrXaNBrrBz4zSJUiRy",1,0],[5,300,315],[0,0.5,0],[0,-66,0,0,0,0,1,1,1,1]],[1,"pot",1,[[-34,[2,20,78,-35]],1,4],[0,"d7edXi6fRD6YXAW+soty/4",1,0],[5,162,172],[0,-88,0,0,0,0,1,1,1,1]],[4,"tree",1,[[-36,[2,20,186,-37]],1,4],[0,"db2+AeYatHSKnD3/koeRYP",1,0],[5,300,315],[0,0.5,0],[0,-66,0,0,0,0,1,1,1,1]],[1,"suggest",1,[[-38,[19,33,48,168,78,96,-39]],1,4],[0,"77vJ9vA9pJVbmDsJDYR/2H",1,0],[5,96,96],[126,36,0,0,0,0,1,1,1,1]],[1,"fruit",1,[[-40,[2,20,270,-41]],1,4],[0,"011ZX00I1PBYD4gK/d4snS",1,0],[5,192,192],[0,114,0,0,0,0,1,1,1,1]],[12,"bg",90,2,[[25,1,0,1,-42,[6],7],[20,45,3,3,1125,42,-43]],[0,"eanNtAl7VGkI6iKbqQRdrh",1,0],[4,4278190080],[5,132,42]],[1,"icon",2,[[-44,[5,8,3,-45]],1,4],[0,"1ejeas3X1Nf50+Zu7Ax9DI",1,0],[5,40,39],[-43,0,0,0,0,0,1,1,1,1]],[3,0,false,10,[8]],[1,"health",2,[[-46,[5,10,45.370000000000005,-47]],1,4],[0,"0bZKSPLahMsq+MsrHcYfmQ",1,0],[5,78.66,37.8],[18.700000000000003,0,0,0,0,0,1,1,1,1]],[7,"Label",30,30,false,1,2,12,[9]],[4,"bar",3,[[-48,[21,13,3,3,3,36,-49]],1,4],[0,"733mAUhylOmosaTsTBil33",1,0],[5,126,36],[0,0,0.5],[-63,0,0,0,0,0,1,1,1,1]],[1,"label",3,[[-50,[22,45,11.999999999999986,12.000000000000014,126,37.8,-51]],1,4],[0,"88cbI16fNKoYLIKGCz/CBq",1,0],[5,108,42],[-1.4210854715202004e-14,0,0,0,0,0,1,1,1,1]],[26,0,5,[0]],[3,0,false,6,[1]],[6,1,0,7,[4]],[3,0,false,8,[5]],[6,1,0,14,[10]],[7,"Cấp 1",30,30,false,1,2,15,[11]],[27,126,3,20]],0,[0,4,1,0,5,13,0,6,11,0,7,2,0,8,21,0,9,22,0,10,19,0,11,18,0,12,4,0,13,17,0,14,16,0,0,1,0,-1,5,0,-2,6,0,-3,4,0,-4,7,0,-5,8,0,-6,2,0,-7,3,0,15,11,0,16,13,0,0,2,0,0,2,0,-1,9,0,-2,10,0,-3,12,0,0,3,0,-2,22,0,0,3,0,-1,14,0,-2,15,0,0,4,0,0,4,0,-1,16,0,0,5,0,-1,17,0,0,6,0,-1,18,0,0,7,0,-1,19,0,0,8,0,0,9,0,0,9,0,-1,11,0,0,10,0,-1,13,0,0,12,0,-1,20,0,0,14,0,-1,21,0,0,15,0,17,1,51],[0,0,0,0,0,0,0,0,0,0,0,0,0,0,0,0,0,0,0,0,0,0,0,0,16,11,13,20,21],[-1,-1,-1,2,-1,-1,-1,2,-1,-1,-1,-1,-1,2,18,19,20,21,22,23,24,25,26,27,2,2,3,2,3],[0,0,0,1,0,0,0,12,0,0,0,0,0,13,0,14,15,16,2,17,18,19,1,20,21,2,3,22,3]],[[{"name":"pot_progress_bar_fg","rect":[0,0,87,36],"offset":[0,0],"originalSize":[87,36],"capInsets":[17,0,17,0]}],[0],0,[0],[1],[23]]]]