[1,["3avAQiD6JGt7E54fbE+f6F","adcXdP2TlHNI9KVYldaT4l","54zvz0TD5PyrA0jXnUvKgz","7dNw5IEi1Fg4R1rs9GI3Y5","c0xoEL+qlEx4vKelhNlibw"],["_textureSetter"],["cc.SpriteFrame"],0,[[[{"name":"btn_light_blue","rect":[0,0,168,144],"offset":[0,0],"originalSize":[168,144],"capInsets":[70,70,70,70]}],[0],0,[0],[0],[0]],[[{"name":"bg_header","rect":[0,0,1125,60],"offset":[0,0],"originalSize":[1125,60],"capInsets":[0,0,0,0]}],[0],0,[0],[0],[1]],[[{"name":"btn_light_red","rect":[0,0,168,144],"offset":[0,0],"originalSize":[168,144],"capInsets":[70,70,70,70]}],[0],0,[0],[0],[2]],[[{"name":"popup_indicator","rect":[0,0,120,18],"offset":[0,0],"originalSize":[120,18],"capInsets":[0,0,0,0]}],[0],0,[0],[0],[3]],[[{"name":"singleColor","rect":[0,0,2,2],"offset":[0,0],"originalSize":[2,2],"capInsets":[0,0,0,0]}],[0],0,[0],[0],[4]]]]