[1,["5dFJ0YR8tAvZ/a/bZMpiqB","ecpdLyjvZBwrvm+cedCcQy","cfBDh/E7hKNZ5nEsx0jfvJ","a03YfXIjxLCqsDRkNurn3s"],["node","root","data","_spriteFrame","_defaultClip","_textureSetter"],["cc.SpriteFrame",["cc.AnimationClip",["_name","_duration","sample","curveData"],0,11],["cc.Prefab",["_name"],2],["cc.Node",["_name","_components","_prefab","_contentSize","_trs"],2,9,4,5,7],["cc.Widget",["_alignFlags","_top","_bottom","_originalWidth","node"],-1,1],["cc.Sprite",["_sizeMode","_isTrimmedMode","node","_materials","_spriteFrame"],1,1,3,6],["cc.Animation",["playOnLoad","node","_clips","_defaultClip"],2,1,3,6],["cc.PrefabInfo",["fileId","root"],2,1]],[[1,0,1,2,3,4],[2,0,2],[3,0,1,2,3,4,2],[4,0,1,2,3,4,5],[5,0,1,2,3,4,3],[6,0,1,2,3,2],[7,0,1,2]],[[[[0,"1_Flare_Stage_UP",0.75,20,[{"paths":{}},"props",11,[{"opacity":[{"frame":0,"value":125},{"frame":0.5,"value":255},{"frame":0.75,"value":0}]},"scale",12,[[[{"frame":0},"value",8,[0,0.5,0.5]],[{"frame":0.5},"value",8,[0,1,1]]],11,11]]]]],0,0,[],[],[]],[[[1,"FlareStageUpUI"],[2,"flareStageUpUI",[[3,18,1218,1218,1125,-2],[4,0,false,-3,[0],1],[5,true,-4,[3],2]],[6,"26BQ70JbxKKrH/BadLuLZB",-1],[5,468,594],[562.5,1218,0,0,0,0,1,1,1,1]]],0,[0,1,1,0,0,1,0,0,1,0,0,1,0,2,1,4],[0,0,0,0],[-1,3,4,-1],[1,2,0,0]],[[{"name":"flare_stageup_00008","rect":[28,70,415,414],"offset":[1.5,20],"originalSize":[468,594],"capInsets":[0,0,0,0]}],[0],0,[0],[5],[3]]]]