[1,["76gRSjAKBLvpkmCxtYgqOT","ecpdLyjvZBwrvm+cedCcQy","84wVBKTz9Hx6RhidR0WMja","1aeW261gVKEo+Exf9YEIe8"],["node","_spriteFrame","_defaultClip","root","sprite2","sprite1","sprite","data","_textureSetter"],["cc.SpriteFrame",["cc.Prefab",["_name"],2],["cc.Node",["_name","_children","_components","_prefab","_contentSize","_anchorPoint","_trs"],2,2,9,4,5,5,7],["cc.Node",["_name","_opacity","_parent","_components","_prefab","_contentSize","_trs"],1,1,12,4,5,7],["ea4092ryGRNl50+E9qsMzWg",["node","sprite","sprite1","sprite2"],3,1,1,1,1],["cc.Widget",["_alignFlags","_bottom","node"],1,1],["cc.PrefabInfo",["fileId","root"],2,1],["cc.Sprite",["_sizeMode","node","_materials","_spriteFrame"],2,1,3,6],["cc.Animation",["node","_clips"],3,1,3],["cc.AnimationClip",["_name","_duration","sample","wrapMode","curveData"],-1,11]],[[6,0,1,2],[3,0,1,2,3,4,5,6,3],[7,0,1,2,3,2],[8,0,1,1],[1,0,2],[2,0,1,2,3,4,5,6,2],[4,0,1,2,3,1],[5,0,1,2,3],[9,0,1,2,3,4,5]],[[[[4,"ItemBoostUI"],[5,"ItemBoostUI",[-7,-8,-9],[[6,-5,-4,-3,-2],[7,4,310,-6]],[0,"26BQ70JbxKKrH/BadLuLZB",-1],[5,1125,800],[0,0.5,1],[562.5,1110,0,0,0,0,1,1,1,1]],[1,"sprite",0,1,[[[2,0,-10,[0],1],-11],4,1],[0,"7fHiBjmtVGyI3jiqeNaaff",1],[5,100,100],[7.524,41.208,0,0,0,0,1,1,1,1]],[1,"sprite1",0,1,[[[2,0,-12,[3],4],-13],4,1],[0,"80cgRTyJFCKrkj0YwNPabu",1],[5,100,100],[7.524,41.208,0,0,0,0,1,1,1,1]],[1,"sprite2",0,1,[[[2,0,-14,[6],7],-15],4,1],[0,"a4Y2sGr/NBtZA/M2nEffJZ",1],[5,100,100],[7.524,41.208,0,0,0,0,1,1,1,1]],[3,2,[2]],[3,3,[5]],[3,4,[8]]],0,[0,3,1,0,4,7,0,5,6,0,6,5,0,0,1,0,0,1,0,-1,2,0,-2,3,0,-3,4,0,0,2,0,-2,5,0,0,3,0,-2,6,0,0,4,0,-2,7,0,7,1,15],[0,0,0,0,0,0,0,0,0,5,6,7],[-1,1,-1,-1,1,-1,-1,1,-1,2,2,2],[1,2,0,1,2,0,1,2,0,0,0,0]],[[[8,"ItemBoostAnim",0.92,25,2,[{"paths":{}},"props",11,[{"opacity":[{"frame":0,"value":255},{"frame":0.6,"value":255},{"frame":0.92,"value":0}],"position":[{"frame":0,"value":[430,-739.3,0]},{"frame":0.32,"value":[430,-740,0]},{"frame":0.44,"value":[437,-559],"motionPath":[]},{"frame":0.56,"value":[438,-408],"motionPath":[]},{"frame":0.68,"value":[399,-248],"motionPath":[]},{"frame":0.8,"value":[306,-117],"motionPath":[]},{"frame":0.92,"value":[166,-51],"motionPath":[]}]},"scale",12,[[[{"frame":0},"value",8,[0,1,1]],[{"frame":0.92},"value",8,[0,0.5,0.5]]],11,11]]]]],0,0,[],[],[]],[[{"name":"soil","rect":[0,0,177,177],"offset":[0,0],"originalSize":[177,177],"capInsets":[0,0,0,0]}],[0],0,[0],[8],[3]]]]