[1,["1avK9fLVlPoae4BU0pjPsB","a0qKI0bkFM7rALYQFgWHRI","b0lP7nMWBAR62OLX9WqUM1","55Q7LZ72pOKJnqLMLUt4Hc","01fKy/52tDwbFvMUiZZPZn","02oZdm+V5OVoFxIawEXrCJ","40XG+f+k1DGJM2JghLYigL","3cPxvYQj5JlKL8N4a9H4Dh","4eERWJ+1hCcY5Ip7I2Dr1s","ccwbCegMFOObZ4RoRQJ/pU","f5Yo4GFXhFQryaCGAi5QF7","d6lN7CkvNB9pwJI8Nt/HvC","61ddpDsDdJNrpsNibOo+sp","2cyfzJ1wVK3JLjA1YkHJVJ"],["_textureSetter","value"],["cc.SpriteFrame",["cc.AnimationClip",["_name","_duration","sample","speed","wrapMode","curveData"],-2,11]],[[1,0,1,2,3,4,5,6]],[[[{"name":"loading_00003","rect":[1440,0,480,480],"offset":[0,0],"originalSize":[480,480],"capInsets":[0,0,0,0]}],[0],0,[0],[0],[0]],[[{"name":"loading_00004","rect":[0,480,480,480],"offset":[0,0],"originalSize":[480,480],"capInsets":[0,0,0,0]}],[0],0,[0],[0],[0]],[[{"name":"loading_00012","rect":[0,1440,480,480],"offset":[0,0],"originalSize":[480,480],"capInsets":[0,0,0,0]}],[0],0,[0],[0],[0]],[[{"name":"loading_00006","rect":[960,480,480,480],"offset":[0,0],"originalSize":[480,480],"capInsets":[0,0,0,0]}],[0],0,[0],[0],[0]],[[{"name":"loading_00005","rect":[480,480,480,480],"offset":[0,0],"originalSize":[480,480],"capInsets":[0,0,0,0]}],[0],0,[0],[0],[0]],[[{"name":"loading_00007","rect":[1440,480,480,480],"offset":[0,0],"originalSize":[480,480],"capInsets":[0,0,0,0]}],[0],0,[0],[0],[0]],[[{"name":"loading_00001","rect":[480,0,480,480],"offset":[0,0],"originalSize":[480,480],"capInsets":[0,0,0,0]}],[0],0,[0],[0],[0]],[[{"name":"loading_00011","rect":[1440,960,480,480],"offset":[0,0],"originalSize":[480,480],"capInsets":[0,0,0,0]}],[0],0,[0],[0],[0]],[[[0,"WatingAnim",0.65,20,0.65,2,[{"paths":{}},"comps",11,[{},"cc.Sprite",11,[{},"spriteFrame",12,[[[{"frame":0},"value",6,0],[{"frame":0.05},"value",6,1],[{"frame":0.1},"value",6,2],[{"frame":0.15},"value",6,3],[{"frame":0.2},"value",6,4],[{"frame":0.25},"value",6,5],[{"frame":0.3},"value",6,6],[{"frame":0.35},"value",6,7],[{"frame":0.4},"value",6,8],[{"frame":0.45},"value",6,9],[{"frame":0.5},"value",6,10],[{"frame":0.55},"value",6,11],[{"frame":0.6},"value",6,12]],11,11,11,11,11,11,11,11,11,11,11,11,11]]]]]],0,0,[0,0,0,0,0,0,0,0,0,0,0,0,0],[1,1,1,1,1,1,1,1,1,1,1,1,1],[1,2,3,4,5,6,7,8,9,10,11,12,13]],[[{"name":"loading_00002","rect":[960,0,480,480],"offset":[0,0],"originalSize":[480,480],"capInsets":[0,0,0,0]}],[0],0,[0],[0],[0]],[[{"name":"loading_00000","rect":[0,0,480,480],"offset":[0,0],"originalSize":[480,480],"capInsets":[0,0,0,0]}],[0],0,[0],[0],[0]],[[{"name":"loading_00008","rect":[0,960,480,480],"offset":[0,0],"originalSize":[480,480],"capInsets":[0,0,0,0]}],[0],0,[0],[0],[0]],[[{"name":"loading_00010","rect":[960,960,480,480],"offset":[0,0],"originalSize":[480,480],"capInsets":[0,0,0,0]}],[0],0,[0],[0],[0]],[[{"name":"loading_00009","rect":[480,960,480,480],"offset":[0,0],"originalSize":[480,480],"capInsets":[0,0,0,0]}],[0],0,[0],[0],[0]]]]